,Type,Gender,Officer-defined ethnicity,Object-of-search,Outcome,Outcome-linked-to-object-of-search,years,Age-min,Age-max
0,1,1,3,3,9,1,0,1,1
1,1,1,3,3,7,0,0,2,2
2,0,1,1,3,14,0,0,1,1
3,0,0,1,3,7,0,0,1,1
4,0,1,3,3,13,1,0,1,1
5,1,1,3,3,7,0,0,2,2
6,1,1,3,1,7,0,0,2,2
7,1,0,3,10,13,1,0,0,0
8,1,1,3,10,14,0,0,2,2
9,1,1,3,10,14,0,0,2,2
11,0,0,0,3,7,0,0,1,1
13,0,1,3,10,6,1,0,0,0
14,0,1,3,3,13,1,0,2,2
15,0,1,0,3,7,0,0,2,2
16,1,1,3,3,7,0,0,1,1
17,0,1,3,3,13,1,0,2,2
18,1,1,3,1,13,1,0,2,2
19,1,1,3,1,7,0,0,0,0
20,1,1,3,10,7,0,0,2,2
21,1,1,3,1,7,0,0,0,0
22,1,1,3,10,7,0,0,2,2
23,1,0,3,10,7,0,0,2,2
24,1,1,3,10,7,0,0,0,0
25,1,1,3,10,13,0,0,0,0
26,1,1,3,10,7,0,0,2,2
27,1,1,3,1,13,0,0,0,0
28,1,0,3,10,13,0,0,0,0
29,1,1,0,3,14,1,0,0,0
30,1,1,3,10,7,0,0,0,0
31,0,1,1,3,7,0,0,2,2
32,0,1,1,10,14,0,0,2,2
33,0,0,1,10,7,0,0,1,1
34,1,1,1,10,7,0,0,0,0
35,0,1,3,3,13,1,0,2,2
36,1,1,3,10,13,0,0,2,2
37,1,0,3,10,6,1,0,1,1
38,0,1,1,3,13,1,0,1,1
39,1,1,3,10,13,0,0,1,1
40,1,1,3,10,13,0,0,2,2
42,0,1,3,3,13,1,0,2,2
43,1,1,3,3,14,1,0,1,1
44,1,1,3,3,9,1,0,2,2
45,0,1,0,3,7,0,0,2,2
46,0,1,0,3,7,0,0,2,2
47,0,1,3,3,13,1,0,2,2
48,0,1,0,3,7,0,0,2,2
49,1,1,3,2,7,0,0,0,0
50,1,1,3,1,7,0,0,1,1
51,1,1,3,1,7,0,0,1,1
52,1,1,3,1,14,0,0,1,1
53,1,1,3,1,14,0,0,1,1
55,1,1,3,1,7,0,0,0,0
56,1,0,3,10,7,0,0,2,2
57,1,1,3,10,6,1,0,0,0
58,0,1,3,10,13,1,0,0,0
59,1,0,3,10,13,1,0,2,2
60,1,0,1,10,13,1,0,0,0
61,1,1,0,3,7,0,0,1,1
62,1,1,0,3,7,0,0,2,2
64,1,1,3,10,13,1,0,2,2
65,1,1,3,10,7,0,0,0,0
66,1,0,3,1,7,0,0,0,0
67,1,1,3,10,7,0,0,0,0
68,0,1,1,3,7,0,0,1,1
69,0,1,1,3,7,0,0,1,1
70,0,1,1,3,7,0,0,1,1
71,0,1,3,3,13,1,0,1,1
72,0,1,3,3,13,1,0,1,1
73,1,1,3,10,13,0,0,0,0
74,1,1,3,10,7,0,0,1,1
75,1,1,3,10,6,1,0,1,1
76,1,1,3,10,13,1,0,2,2
77,1,1,3,10,13,1,0,0,0
78,0,1,1,3,7,0,0,0,0
79,0,1,0,3,10,1,0,2,2
80,0,1,0,3,7,0,0,1,1
81,1,1,3,1,13,0,0,2,2
82,1,1,3,10,13,1,0,0,0
83,0,1,3,3,7,0,0,1,1
84,1,1,3,0,13,0,0,0,0
85,1,1,2,1,7,0,0,0,0
86,1,1,0,10,13,1,0,2,2
87,1,1,3,1,7,0,0,2,2
88,1,1,3,10,7,0,0,2,2
89,0,1,3,10,7,0,0,1,1
90,0,1,3,1,7,0,0,1,1
91,0,1,3,1,7,0,0,0,0
92,1,1,3,3,13,1,0,2,2
93,0,1,0,3,13,1,0,2,2
94,0,1,0,3,13,1,0,2,2
95,0,1,0,3,13,0,0,1,1
97,1,1,3,1,7,0,0,0,0
98,1,1,1,8,7,0,0,1,1
100,1,1,3,1,7,0,0,1,1
101,1,1,3,2,7,0,0,1,1
102,1,1,3,1,7,0,0,1,1
105,1,1,1,10,7,0,0,1,1
106,1,1,3,10,13,1,0,1,1
107,1,1,3,3,7,0,0,1,1
108,1,1,3,10,7,0,0,0,0
109,1,1,3,1,13,0,0,0,0
110,1,1,3,10,7,0,0,2,2
111,0,1,1,3,7,0,0,1,1
112,0,1,1,3,7,0,0,2,2
113,1,1,3,1,7,0,0,2,2
114,1,1,1,10,7,0,0,0,0
115,1,1,3,10,7,0,0,0,0
117,1,1,3,1,7,0,0,1,1
120,1,1,1,10,13,1,0,0,0
121,1,1,3,6,7,0,0,0,0
123,0,1,1,3,13,1,0,1,1
124,0,1,1,3,7,0,0,1,1
125,1,1,1,10,6,1,0,2,2
126,1,1,0,10,13,1,0,0,0
127,0,1,3,10,13,1,0,0,0
128,0,1,3,3,13,0,0,2,2
129,1,1,3,10,13,0,0,2,2
130,0,1,3,3,7,0,0,2,2
131,0,1,1,3,13,0,0,1,1
132,0,1,1,3,7,0,0,1,1
133,0,1,0,3,7,0,0,2,2
134,0,1,1,10,13,1,0,2,2
135,0,1,1,1,7,0,0,1,1
136,0,1,1,10,7,0,0,1,1
137,0,1,3,1,7,0,0,2,2
138,0,1,3,1,7,0,0,2,2
139,1,1,0,1,7,0,0,0,0
140,0,1,0,8,7,1,0,2,2
141,1,1,3,2,7,0,0,1,1
142,0,1,0,10,10,0,0,2,2
143,1,1,3,8,7,0,0,0,0
144,1,1,3,1,13,0,0,0,0
145,1,1,3,1,13,0,0,0,0
146,0,1,1,8,13,0,0,2,2
147,1,1,1,1,7,0,0,2,2
148,1,1,3,10,13,0,0,1,1
149,1,1,1,8,7,0,0,1,1
150,1,1,3,10,10,0,0,1,1
151,0,1,1,6,14,0,0,1,1
152,0,1,1,6,13,0,0,1,1
153,0,1,1,6,13,0,0,1,1
154,1,1,3,1,13,0,0,2,2
155,1,1,3,10,13,0,0,2,2
156,1,1,3,3,13,1,0,0,0
157,1,1,3,10,6,1,0,1,1
158,0,1,3,10,6,1,0,2,2
159,1,1,3,3,13,1,0,2,2
160,0,1,3,3,13,1,0,0,0
161,1,1,3,3,13,1,0,2,2
162,1,1,3,3,7,0,0,2,2
163,1,1,3,10,7,0,0,0,0
164,1,1,0,3,7,0,0,2,2
165,1,1,3,10,13,1,0,1,1
166,1,0,3,10,13,1,0,1,1
167,0,1,3,3,13,1,0,0,0
168,0,1,1,3,13,1,0,2,2
169,1,1,0,10,7,0,0,2,2
170,1,1,1,1,7,0,0,2,2
171,1,1,3,10,7,0,0,2,2
172,1,1,3,1,7,0,0,0,0
173,1,1,3,10,13,0,0,0,0
174,1,1,3,1,7,0,0,0,0
175,0,1,0,3,7,0,0,2,2
176,0,1,0,3,7,0,0,2,2
177,0,1,0,3,7,0,0,2,2
178,0,1,0,3,13,1,0,1,1
179,0,1,3,3,7,0,0,2,2
180,0,1,3,3,7,0,0,2,2
181,0,1,3,3,7,0,0,1,1
182,1,1,3,3,7,0,0,0,0
183,1,1,3,3,7,0,0,2,2
185,0,1,1,3,9,1,0,1,1
186,0,1,1,3,7,0,0,2,2
189,0,1,3,3,13,1,0,2,2
190,1,1,3,3,7,0,0,1,1
191,1,1,3,3,7,0,0,1,1
192,1,1,3,10,13,1,0,2,2
193,1,1,3,3,7,0,0,0,0
194,1,1,3,3,7,0,0,2,2
195,1,1,0,10,6,1,0,0,0
196,1,1,0,10,7,0,0,2,2
197,1,1,1,10,7,0,0,2,2
198,1,1,0,10,7,0,0,0,0
199,1,1,3,10,7,0,0,2,2
200,1,1,3,10,7,0,0,2,2
201,1,1,0,10,7,0,0,0,0
202,1,1,3,1,13,0,0,1,1
203,1,1,3,10,7,0,0,0,0
204,1,1,3,10,13,0,0,0,0
205,0,0,0,3,7,0,0,1,1
206,1,1,0,3,7,0,0,1,1
208,1,1,3,3,7,0,0,0,0
209,1,1,3,3,7,0,0,2,2
210,0,0,3,3,13,1,0,1,1
211,1,1,3,3,6,1,0,1,1
212,1,1,1,1,13,1,0,0,0
213,1,1,3,10,13,0,0,1,1
215,1,1,3,10,7,0,0,2,2
216,1,1,0,10,13,0,0,1,1
217,0,1,1,1,7,0,0,0,0
218,0,1,1,3,10,1,0,2,2
219,0,1,1,3,7,0,0,2,2
220,0,0,1,3,7,0,0,1,1
221,1,1,3,10,7,0,0,2,2
223,1,1,3,1,7,0,0,2,2
224,0,1,3,3,13,1,0,1,1
225,0,1,4,3,7,0,0,2,2
226,0,1,3,3,9,1,0,0,0
227,1,1,3,1,7,0,0,0,0
228,0,1,0,6,13,0,0,1,1
229,0,1,1,3,7,0,0,1,1
230,1,0,1,3,13,1,0,1,1
231,0,0,1,3,7,0,0,1,1
232,1,1,3,3,7,0,0,2,2
233,1,1,3,10,7,0,0,2,2
234,0,1,1,3,13,1,0,2,2
235,0,1,0,3,13,1,0,2,2
236,0,1,0,3,13,1,0,2,2
237,0,1,0,3,13,1,0,2,2
238,0,1,0,3,13,1,0,2,2
239,1,1,3,10,7,0,0,0,0
240,0,1,3,3,13,1,0,1,1
241,0,1,0,3,13,1,0,2,2
242,1,0,1,10,13,1,0,0,0
245,0,1,1,3,9,1,0,2,2
246,0,1,1,3,7,0,0,2,2
247,0,1,3,3,13,0,0,2,2
248,0,1,1,3,7,0,0,1,1
249,0,1,1,3,13,0,0,1,1
250,0,1,0,3,14,1,0,2,2
251,1,1,3,3,7,0,0,1,1
252,0,1,1,3,7,0,0,1,1
253,0,1,3,3,7,0,0,1,1
254,0,1,3,3,7,0,0,1,1
255,0,1,1,3,7,0,0,1,1
256,0,1,3,3,9,1,0,0,0
258,0,1,3,8,7,0,0,0,0
260,1,1,0,8,7,0,0,2,2
261,0,1,1,3,13,1,0,2,2
262,1,0,3,3,13,1,0,2,2
263,1,1,3,3,13,1,0,2,2
264,0,1,0,3,13,0,0,1,1
265,1,1,2,1,14,0,0,2,2
266,0,1,1,3,9,1,0,0,0
267,1,1,0,10,7,0,0,0,0
268,0,1,0,3,13,1,0,1,1
269,0,1,1,3,13,1,0,2,2
270,0,1,0,3,13,0,0,1,1
271,1,1,3,1,13,1,0,2,2
272,0,0,1,3,7,0,0,2,2
273,0,1,1,3,7,0,0,1,1
274,1,1,0,3,7,0,0,1,1
275,0,1,3,3,9,1,0,0,0
276,0,1,0,8,13,1,0,1,1
277,0,1,0,3,13,1,0,1,1
278,0,1,0,3,13,0,0,2,2
279,0,1,2,10,6,1,0,2,2
280,0,1,3,1,13,0,0,2,2
281,0,1,3,3,7,0,0,2,2
282,1,0,1,1,13,1,0,1,1
283,1,1,2,10,7,0,0,2,2
284,1,1,2,10,7,0,0,0,0
285,0,1,3,3,13,1,0,1,1
286,0,1,0,3,13,0,0,1,1
287,1,1,3,10,6,1,0,2,2
288,0,1,3,3,7,0,0,2,2
289,1,1,0,2,7,0,0,1,1
290,0,1,0,6,7,0,0,2,2
291,0,1,0,8,7,0,0,2,2
292,0,1,3,3,13,1,0,2,2
293,1,1,3,10,7,0,0,0,0
294,0,1,3,3,13,1,0,1,1
295,0,1,3,1,13,0,0,1,1
296,1,1,3,1,13,0,0,0,0
297,1,1,3,10,13,1,0,0,0
298,1,1,1,3,7,0,0,1,1
299,1,1,1,3,7,0,0,1,1
300,1,0,1,3,7,0,0,1,1
301,1,1,1,8,7,0,0,2,2
302,0,1,1,3,13,1,0,1,1
303,0,0,1,3,13,0,0,1,1
304,0,1,3,3,13,1,0,2,2
306,1,1,0,10,13,0,0,2,2
307,1,1,1,1,7,0,0,2,2
308,1,1,0,3,7,0,0,2,2
309,0,0,1,6,7,0,0,1,1
310,0,0,1,6,7,0,0,1,1
313,1,1,3,10,7,0,0,2,2
314,1,1,3,1,7,0,0,1,1
315,0,1,3,1,7,0,0,1,1
316,0,1,1,3,7,0,0,2,2
317,0,1,1,3,7,0,0,2,2
318,1,1,3,1,7,0,0,2,2
319,0,1,1,8,7,0,0,1,1
320,0,1,1,3,9,1,0,1,1
321,0,1,0,3,7,0,0,1,1
322,0,1,0,3,9,1,0,1,1
323,0,1,0,3,7,0,0,1,1
324,1,1,3,8,7,0,0,2,2
325,1,1,3,10,7,0,0,2,2
326,0,1,0,3,7,0,0,0,0
327,0,1,0,3,7,0,0,0,0
328,1,1,3,2,7,0,0,1,1
329,1,1,1,2,7,0,0,1,1
330,1,1,2,2,7,0,0,1,1
331,0,1,3,3,13,1,0,1,1
332,1,1,3,1,13,0,0,0,0
333,0,1,1,3,7,0,0,1,1
334,0,1,1,3,7,0,0,1,1
335,0,1,1,3,7,0,0,1,1
336,0,1,1,3,7,0,0,1,1
338,0,1,1,3,7,0,1,2,2
339,0,1,1,3,7,0,1,2,2
340,1,1,3,2,7,0,1,1,1
341,1,1,3,2,7,0,1,1,1
344,1,1,1,3,9,1,1,1,1
345,1,1,3,2,7,0,1,0,0
346,0,0,3,1,7,0,1,0,0
347,1,1,3,3,9,1,1,1,1
348,1,1,3,3,7,0,1,1,1
349,1,1,1,1,7,0,1,1,1
350,0,1,0,3,7,0,1,1,1
351,0,1,0,3,13,1,1,1,1
352,0,1,0,3,7,0,1,2,2
353,1,1,3,10,7,0,1,0,0
354,1,1,1,10,6,1,1,0,0
355,0,1,3,8,7,0,1,0,0
356,0,1,3,3,13,1,1,1,1
357,1,1,3,3,9,1,1,0,0
358,0,1,0,8,13,1,1,1,1
359,1,1,3,1,7,0,1,1,1
362,1,1,0,8,13,1,1,2,2
363,1,1,3,10,13,1,1,0,0
364,1,1,3,10,13,1,1,0,0
365,1,1,3,1,7,0,1,0,0
366,1,1,2,1,7,0,1,0,0
367,1,1,2,1,6,1,1,0,0
368,1,1,3,10,7,0,1,0,0
369,1,0,3,10,7,0,1,0,0
370,1,1,3,10,13,1,1,0,0
371,1,1,1,10,13,1,1,0,0
372,1,1,3,1,7,0,1,0,0
373,1,1,3,10,7,0,1,0,0
374,1,1,3,1,13,0,1,2,2
375,1,1,3,1,7,0,1,1,1
376,0,1,1,6,7,0,1,2,2
377,0,1,3,6,7,0,1,2,2
378,1,1,3,10,7,0,1,0,0
379,1,0,3,10,7,0,1,1,1
380,1,1,1,10,6,1,1,1,1
381,1,1,3,10,13,1,1,1,1
382,1,1,1,10,13,1,1,0,0
383,0,1,0,10,14,0,1,2,2
384,1,0,3,10,13,1,1,2,2
385,1,1,3,8,13,1,1,0,0
386,1,1,3,3,7,0,1,2,2
387,1,1,3,10,7,0,1,2,2
388,1,1,3,3,7,0,1,1,1
389,0,1,0,3,7,0,1,1,1
390,1,1,3,10,13,0,1,0,0
391,1,1,1,10,13,0,1,0,0
392,1,1,3,10,7,0,1,1,1
393,1,1,3,10,13,1,1,0,0
394,1,0,3,10,13,1,1,1,1
395,1,0,3,10,13,1,1,2,2
396,1,1,3,10,13,1,1,1,1
397,1,1,1,1,7,0,1,2,2
398,1,1,1,1,7,0,1,0,0
399,1,1,1,1,7,0,1,0,0
400,1,1,3,10,7,0,1,1,1
401,1,1,0,1,13,0,1,1,1
402,1,1,0,10,7,0,1,0,0
403,0,1,2,3,13,1,1,1,1
404,0,1,1,3,7,0,1,1,1
405,0,0,0,3,7,0,1,1,1
406,1,1,3,1,7,0,1,0,0
407,1,1,3,10,13,1,1,0,0
409,0,1,0,3,7,0,1,1,1
410,1,1,3,3,9,1,1,1,1
411,0,1,0,3,14,1,1,1,1
412,1,1,3,1,13,0,1,2,2
414,1,1,3,3,7,0,1,2,2
415,1,1,0,3,7,0,1,2,2
416,1,1,3,1,7,0,1,0,0
417,0,1,3,10,13,0,1,1,1
418,0,1,3,10,7,0,1,2,2
419,0,1,1,1,13,0,1,2,2
420,1,1,0,10,6,1,1,2,2
421,1,1,3,1,7,0,1,2,2
422,1,1,3,1,13,0,1,0,0
423,0,1,3,1,7,0,1,0,0
424,0,1,3,1,7,0,1,0,0
425,0,0,3,1,7,0,1,2,2
426,0,0,3,1,7,0,1,0,0
427,0,1,3,3,13,1,1,1,1
428,0,1,1,3,9,1,1,2,2
430,0,1,0,3,7,0,1,1,1
431,0,1,0,3,7,0,1,1,1
432,0,1,0,3,7,0,1,1,1
433,0,1,0,3,14,1,1,2,2
434,0,1,1,8,7,0,1,1,1
435,0,1,0,3,13,1,1,2,2
436,0,1,0,3,13,1,1,2,2
437,1,1,1,1,6,1,1,2,2
439,1,0,3,10,7,0,1,1,1
440,1,0,3,10,7,0,1,1,1
441,1,1,3,1,7,0,1,2,2
442,0,1,3,1,10,0,1,0,0
443,0,1,0,3,9,1,1,2,2
444,1,1,1,1,7,0,1,2,2
446,1,1,3,10,6,1,1,0,0
447,0,1,3,3,9,1,1,2,2
448,0,1,1,3,14,1,1,1,1
449,1,1,3,3,9,1,1,1,1
450,1,1,3,10,7,0,1,0,0
451,0,1,3,1,7,0,1,0,0
452,0,1,3,1,7,0,1,2,2
453,0,0,3,1,7,0,1,2,2
454,0,0,3,1,7,0,1,2,2
455,1,1,3,0,7,0,1,0,0
456,1,0,3,3,13,0,1,2,2
457,0,1,3,3,7,0,1,1,1
458,0,1,3,3,13,1,1,1,1
459,1,1,3,8,7,0,1,1,1
460,0,1,1,3,13,1,1,2,2
461,1,1,3,10,6,1,1,1,1
462,1,1,1,10,13,1,1,0,0
463,1,1,3,10,7,0,1,0,0
466,0,1,0,3,7,0,1,2,2
467,0,1,0,3,14,1,1,1,1
468,1,1,3,1,13,1,1,2,2
469,0,1,0,3,13,1,1,1,1
470,1,1,1,3,7,0,1,1,1
471,0,1,0,3,7,0,1,1,1
472,0,1,0,3,7,0,1,1,1
473,1,1,3,1,7,0,1,2,2
474,1,0,1,10,13,1,1,1,1
475,1,0,1,10,13,1,1,2,2
476,1,0,1,10,13,1,1,1,1
477,1,0,1,3,13,1,1,1,1
478,1,0,3,1,13,1,1,2,2
479,1,1,3,1,13,1,1,2,2
480,1,1,3,10,13,1,1,0,0
481,1,1,3,1,7,0,1,2,2
482,1,1,3,10,13,1,1,1,1
483,1,1,3,10,6,1,1,1,1
484,1,1,1,10,7,0,1,0,0
485,0,0,3,1,7,0,1,2,2
486,1,1,3,8,7,0,1,0,0
487,1,1,3,10,13,0,1,0,0
488,0,1,3,1,7,0,1,1,1
489,0,1,3,1,7,0,1,2,2
490,0,1,0,0,14,1,1,1,1
491,0,1,0,0,7,0,1,1,1
492,0,0,0,0,7,0,1,1,1
493,0,0,0,0,7,0,1,1,1
494,1,1,3,10,6,1,1,2,2
495,0,1,1,3,7,0,1,2,2
496,0,1,3,3,13,1,1,2,2
498,1,1,3,1,7,0,1,2,2
502,1,1,0,3,7,0,1,1,1
503,0,1,0,3,7,0,1,1,1
504,0,1,0,3,7,0,1,1,1
505,1,1,3,10,7,0,1,1,1
506,0,1,3,1,13,0,1,1,1
507,1,1,3,3,14,1,1,1,1
508,1,1,3,3,7,0,1,1,1
509,0,1,3,10,7,0,1,1,1
510,1,1,3,3,9,1,1,2,2
511,1,1,3,1,7,0,1,2,2
512,1,1,3,3,13,1,1,0,0
513,1,1,3,3,13,1,1,2,2
514,1,1,3,8,7,0,1,1,1
515,1,1,1,8,7,0,1,2,2
517,0,1,1,8,7,0,1,2,2
518,0,1,1,3,9,1,1,2,2
519,1,1,3,1,7,0,1,1,1
520,0,1,1,3,7,0,1,1,1
521,0,1,1,3,7,0,1,1,1
522,0,0,3,3,7,0,1,1,1
523,1,1,3,10,7,0,1,2,2
524,1,1,0,10,7,0,1,2,2
525,1,1,1,10,13,1,1,0,0
526,1,1,3,3,7,0,1,2,2
527,1,1,3,3,13,1,1,2,2
528,0,1,1,3,7,0,1,1,1
529,0,1,1,3,13,0,1,2,2
530,0,1,1,3,7,0,1,1,1
531,0,1,3,3,13,1,1,2,2
532,0,1,3,3,13,1,1,2,2
533,0,1,1,3,13,0,1,1,1
534,1,1,3,1,7,0,1,0,0
535,1,1,3,1,7,0,1,2,2
536,0,1,0,3,7,0,1,2,2
537,1,1,3,10,7,0,1,0,0
538,1,0,3,1,13,0,1,0,0
539,0,1,3,3,13,1,1,1,1
540,1,1,3,3,13,1,1,2,2
541,1,1,3,3,13,0,1,2,2
542,0,1,0,3,7,0,1,1,1
543,1,1,2,3,7,0,1,1,1
544,1,1,0,8,13,1,1,1,1
545,1,1,1,8,13,0,1,2,2
546,1,1,3,8,13,1,1,1,1
547,1,1,3,3,13,1,1,2,2
548,1,1,3,10,13,1,1,2,2
549,0,1,0,3,7,0,1,1,1
550,0,1,0,3,9,1,1,1,1
551,0,1,0,3,13,1,1,1,1
552,1,1,3,10,13,1,1,1,1
553,0,1,0,3,7,0,1,2,2
554,0,1,0,3,10,0,1,2,2
555,0,1,0,3,7,0,1,1,1
556,0,1,0,3,7,0,1,2,2
557,0,1,0,3,7,0,1,2,2
558,0,1,0,3,7,0,1,1,1
560,1,1,1,1,6,1,1,0,0
561,0,1,3,3,14,1,1,0,0
562,1,1,3,10,10,1,1,2,2
563,1,1,3,1,7,0,1,1,1
564,1,1,3,1,7,0,1,1,1
565,0,1,0,3,7,0,1,1,1
566,1,0,3,3,7,0,1,2,2
567,1,1,3,3,7,0,1,0,0
568,0,1,1,1,13,1,1,1,1
569,0,1,3,1,13,1,1,1,1
570,1,1,0,1,7,0,1,2,2
571,0,1,3,3,13,1,1,2,2
572,0,1,0,3,7,0,1,1,1
573,0,1,0,3,7,0,1,2,2
574,0,1,0,3,7,0,1,1,1
575,0,1,3,3,13,1,1,1,1
576,1,0,3,1,13,1,1,0,0
577,1,1,0,1,13,1,1,2,2
578,0,1,3,3,13,0,1,2,2
579,0,1,1,6,7,0,1,0,0
580,0,1,3,6,7,0,1,0,0
581,1,1,3,3,9,1,1,1,1
585,1,1,3,10,13,0,1,0,0
586,1,1,3,10,13,0,1,2,2
587,0,1,3,3,7,0,1,2,2
588,0,1,0,3,14,1,1,1,1
589,0,1,0,3,7,0,1,1,1
590,1,1,0,1,7,0,1,1,1
591,1,0,3,1,7,0,1,2,2
592,1,1,3,1,7,0,1,0,0
593,1,1,3,1,7,0,1,0,0
594,1,1,3,10,7,0,1,2,2
595,0,1,0,3,7,0,1,2,2
596,0,1,0,3,7,0,1,1,1
597,1,1,3,1,7,0,1,1,1
598,1,1,1,1,7,0,1,0,0
599,1,1,3,10,7,0,1,0,0
600,1,1,3,3,7,0,1,1,1
601,1,1,3,1,7,0,1,2,2
603,0,1,3,3,13,1,1,1,1
604,1,1,1,3,7,0,1,1,1
605,1,1,3,3,13,0,1,1,1
606,0,1,1,8,7,0,1,0,0
607,0,1,1,8,7,0,1,2,2
608,1,1,0,1,13,1,1,2,2
609,1,1,3,10,7,0,1,1,1
610,1,1,3,3,7,0,1,2,2
611,1,0,3,10,13,0,1,2,2
612,0,1,3,3,7,0,1,2,2
613,1,1,3,6,7,0,1,0,0
614,1,1,3,3,13,0,1,0,0
615,0,1,0,3,7,0,1,1,1
616,0,1,0,3,7,0,1,2,2
617,1,1,0,3,9,1,1,2,2
618,0,1,3,3,13,1,1,1,1
619,1,1,3,1,7,0,1,1,1
620,1,1,3,1,7,0,1,2,2
621,0,1,3,3,10,0,1,1,1
622,0,1,3,3,14,1,1,1,1
624,0,1,0,3,13,1,1,1,1
625,0,1,1,3,7,0,1,0,0
626,0,1,0,3,7,0,1,1,1
627,0,1,0,3,7,0,1,1,1
628,0,1,3,3,10,1,1,1,1
629,0,1,3,3,10,1,1,2,2
630,0,1,3,3,7,0,1,1,1
631,0,1,3,3,7,0,1,1,1
633,0,1,0,3,9,1,1,2,2
634,0,1,3,3,7,0,1,1,1
635,0,1,0,3,7,0,1,2,2
636,1,1,3,1,13,0,1,2,2
637,0,1,1,3,10,0,1,1,1
638,0,0,1,3,7,0,1,1,1
639,1,1,3,1,7,0,1,2,2
642,1,1,3,10,7,0,1,0,0
643,0,1,3,3,14,1,1,2,2
644,1,1,3,10,6,1,1,1,1
646,0,1,3,3,13,1,1,2,2
647,0,1,3,3,7,0,1,2,2
649,1,1,1,3,7,0,1,0,0
650,1,1,1,3,7,0,1,0,0
651,1,1,0,1,7,0,1,0,0
652,1,1,0,3,7,0,1,1,1
653,0,1,0,3,7,0,1,1,1
654,1,1,0,3,7,0,1,1,1
655,1,1,1,3,7,0,1,1,1
656,1,1,1,3,7,0,1,1,1
658,1,1,3,10,6,0,1,0,0
659,1,1,3,10,6,0,1,1,1
660,0,1,1,3,7,0,1,1,1
665,1,1,2,10,14,0,1,1,1
666,1,1,1,10,7,0,1,1,1
667,1,1,0,6,7,0,1,2,2
671,1,1,3,10,7,0,1,2,2
672,1,1,3,2,7,0,1,1,1
673,1,1,0,3,9,0,1,1,1
674,1,1,3,1,7,0,1,1,1
675,1,1,0,1,7,0,1,1,1
676,1,1,1,3,9,0,1,2,2
677,1,1,1,3,9,0,1,2,2
678,1,1,1,3,8,0,1,2,2
680,1,1,3,0,7,0,1,2,2
681,1,1,1,1,7,0,1,1,1
682,1,1,3,10,13,0,1,2,2
685,1,1,3,1,7,0,1,1,1
686,1,1,3,1,7,0,1,1,1
693,1,1,3,2,7,0,1,1,1
694,1,1,3,3,7,0,1,1,1
695,1,1,3,3,7,0,1,1,1
696,1,1,3,3,9,0,1,1,1
697,1,1,3,3,9,0,1,1,1
700,1,2,3,5,7,0,1,1,1
701,1,1,3,5,7,0,1,1,1
702,1,1,3,0,7,0,1,1,1
703,1,1,3,1,2,0,1,1,1
704,1,1,3,1,2,0,1,1,1
705,1,1,3,0,13,0,1,1,1
706,1,1,3,0,13,0,1,1,1
707,1,1,1,10,7,0,1,2,2
708,1,0,1,10,13,0,1,0,0
709,1,1,3,10,7,0,1,0,0
710,1,1,3,10,6,0,1,2,2
711,0,1,3,10,7,0,1,0,0
712,1,1,3,1,7,0,1,2,2
713,1,1,3,1,7,0,1,0,0
714,0,1,3,3,9,0,1,1,1
715,0,1,3,3,10,0,1,2,2
717,1,1,0,3,7,0,1,2,2
718,0,1,0,3,13,0,1,0,0
719,1,1,1,3,7,0,1,1,1
720,1,1,3,3,7,0,1,1,1
723,1,1,3,10,7,0,1,2,2
724,1,1,3,2,7,0,1,1,1
726,1,1,0,1,2,0,1,1,1
727,1,0,3,1,2,0,1,1,1
728,1,0,1,3,7,0,1,1,1
731,1,1,1,3,7,0,1,1,1
733,1,1,0,10,13,0,1,1,1
736,1,1,3,1,7,0,1,2,2
738,1,1,3,1,10,0,1,1,1
739,1,1,3,10,7,0,1,1,1
740,1,1,1,10,7,0,1,1,1
741,1,1,3,10,6,0,1,1,1
743,1,1,3,10,7,0,1,1,1
744,1,1,3,10,7,0,1,1,1
745,1,1,3,3,7,0,1,0,0
749,0,1,0,3,7,0,1,1,1
750,0,1,0,3,7,0,1,1,1
751,0,1,0,8,7,0,1,1,1
754,0,0,1,3,9,0,1,2,2
755,1,1,0,3,7,0,1,1,1
756,1,1,0,3,8,0,1,1,1
757,1,1,0,3,7,0,1,1,1
758,1,1,0,3,9,0,1,1,1
762,1,0,0,3,9,0,1,1,1
763,1,0,1,3,9,0,1,1,1
765,1,1,1,3,14,0,1,1,1
766,1,1,0,0,7,0,1,0,0
767,1,1,3,10,6,0,1,0,0
768,1,1,3,10,7,0,1,2,2
770,1,1,3,10,7,0,1,0,0
771,1,1,0,1,7,0,1,1,1
772,1,0,0,1,7,0,1,1,1
773,1,0,0,1,7,0,1,1,1
774,1,0,1,1,7,0,1,1,1
777,1,1,1,10,7,0,1,0,0
779,1,0,3,10,7,0,1,0,0
781,1,1,1,0,7,0,1,1,1
782,1,1,0,1,7,0,1,0,0
788,1,0,1,10,7,0,1,2,2
789,1,1,3,10,7,0,1,0,0
790,1,1,3,10,7,0,1,0,0
791,1,0,3,10,7,0,1,2,2
792,1,1,0,0,7,0,1,0,0
793,1,1,3,10,2,0,1,1,1
796,1,1,3,3,9,0,1,2,2
798,1,1,1,3,7,0,1,1,1
799,1,1,3,0,7,0,1,0,0
800,1,1,3,0,7,0,1,2,2
801,1,1,3,0,7,0,1,0,0
802,1,1,3,1,7,0,1,2,2
803,1,0,3,10,7,0,1,0,0
804,1,1,3,10,6,0,1,0,0
805,0,1,1,3,7,0,1,0,0
806,1,1,1,3,9,0,1,0,0
807,0,1,0,3,10,0,1,1,1
811,1,1,3,3,14,0,1,0,0
813,1,1,3,1,7,0,1,1,1
814,1,1,3,1,7,0,1,1,1
817,0,1,0,3,7,0,1,2,2
818,1,1,0,3,7,0,1,1,1
819,1,0,3,10,13,0,1,0,0
824,1,1,1,3,9,0,1,1,1
825,1,1,0,3,7,0,1,1,1
826,1,0,3,3,8,0,1,1,1
828,1,1,3,10,7,0,1,0,0
829,0,1,1,3,7,0,1,1,1
830,1,1,1,3,7,0,1,1,1
831,1,1,1,3,7,0,1,1,1
834,1,1,1,3,7,0,1,0,0
835,1,1,1,3,7,0,1,1,1
836,1,0,1,3,7,0,1,1,1
837,1,1,1,3,7,0,1,2,2
839,1,1,0,1,7,0,1,0,0
840,1,0,3,3,7,0,1,1,1
841,1,0,3,3,7,0,1,1,1
843,1,1,3,1,7,0,1,0,0
844,1,0,3,10,6,0,1,0,0
845,1,1,3,0,13,0,1,0,0
848,1,1,3,10,7,0,1,2,2
849,1,1,1,1,7,0,1,1,1
850,1,1,1,0,7,0,1,0,0
851,1,1,0,3,14,0,1,0,0
852,1,1,3,10,7,0,1,0,0
853,1,1,3,10,7,0,1,1,1
854,1,1,3,3,14,0,1,1,1
855,1,1,0,3,7,0,1,1,1
856,1,1,0,3,7,0,1,2,2
857,1,1,0,3,7,0,1,2,2
858,0,1,1,3,7,0,1,2,2
859,1,1,0,3,7,0,1,2,2
860,0,1,0,3,9,0,1,2,2
862,1,0,3,10,6,0,1,2,2
863,0,1,3,3,14,0,1,2,2
864,1,1,3,10,7,0,1,2,2
866,1,1,2,3,9,0,1,1,1
867,1,1,0,3,7,0,1,2,2
869,1,1,3,0,7,0,1,0,0
870,1,1,3,0,7,0,1,1,1
872,1,1,3,1,7,0,1,1,1
874,1,1,0,3,7,0,1,1,1
875,1,1,0,3,9,0,1,1,1
877,1,0,0,10,7,0,1,1,1
878,1,1,1,5,7,0,1,1,1
879,1,1,1,5,7,0,1,1,1
881,1,1,3,1,7,0,1,1,1
882,1,1,3,10,7,0,1,1,1
883,1,1,3,10,7,0,1,0,0
885,1,1,3,3,9,0,1,1,1
886,1,1,3,3,7,0,1,1,1
887,1,1,1,1,7,0,1,2,2
888,1,1,3,10,7,0,1,0,0
889,0,1,1,3,7,0,1,2,2
891,1,1,3,1,7,0,1,0,0
892,0,1,0,10,7,0,1,1,1
895,1,1,0,0,7,0,1,1,1
896,1,1,0,0,7,0,1,1,1
897,0,1,1,3,10,0,1,0,0
898,1,1,0,3,7,0,1,2,2
899,1,1,3,10,6,0,1,2,2
903,1,1,3,1,7,0,1,2,2
904,1,1,1,3,7,0,1,1,1
905,0,1,0,3,7,0,1,1,1
906,1,1,0,3,7,0,1,1,1
907,1,1,0,3,7,0,1,1,1
908,1,1,1,3,7,0,1,1,1
909,1,1,1,3,7,0,1,1,1
910,1,1,3,3,7,0,1,1,1
911,1,1,3,3,7,0,1,1,1
913,1,1,3,0,7,0,1,0,0
914,1,1,0,0,7,0,1,1,1
917,0,1,0,3,7,0,1,1,1
918,1,1,0,3,7,0,1,1,1
919,1,1,0,10,6,0,1,2,2
920,0,1,3,5,7,0,1,0,0
922,1,1,0,3,7,0,1,0,0
923,1,1,0,3,7,0,1,1,1
925,1,1,3,5,7,0,1,0,0
926,1,1,3,8,6,0,1,2,2
927,1,1,3,1,2,0,1,0,0
928,1,1,1,1,7,0,1,0,0
932,1,1,0,2,7,0,1,1,1
933,1,1,0,3,7,0,1,2,2
934,0,1,0,3,7,0,1,2,2
935,1,1,3,0,7,0,1,0,0
936,1,1,3,10,6,0,1,0,0
937,1,1,3,3,14,0,1,0,0
939,1,1,1,0,7,0,1,2,2
941,1,1,0,8,7,0,1,1,1
942,1,1,3,10,6,0,1,0,0
943,1,1,3,10,6,0,1,0,0
944,1,1,0,10,7,0,1,0,0
945,1,0,3,10,7,0,1,0,0
946,1,1,0,10,7,0,1,2,2
947,1,1,3,1,2,0,1,1,1
949,1,1,3,1,7,0,1,0,0
950,1,1,3,10,7,0,1,1,1
951,1,0,3,10,7,0,1,1,1
952,0,1,3,3,9,0,1,2,2
957,1,1,1,10,7,0,1,1,1
959,1,0,0,8,7,0,1,0,0
960,1,1,3,0,7,0,1,2,2
961,1,1,1,8,7,0,1,1,1
962,1,1,0,8,7,0,1,1,1
963,1,1,3,1,7,0,1,0,0
966,1,1,3,4,13,0,1,0,0
968,1,1,3,2,7,0,1,2,2
969,1,1,3,2,7,0,1,2,2
971,1,0,3,0,7,0,1,1,1
972,1,1,0,0,7,0,1,1,1
973,1,1,3,8,7,0,1,1,1
974,1,1,3,8,7,0,1,1,1
975,1,1,1,0,7,0,1,1,1
976,1,1,3,0,7,0,1,1,1
977,1,1,3,8,7,0,1,1,1
978,1,1,3,8,7,0,1,1,1
979,1,1,0,8,7,0,1,1,1
980,1,1,1,8,7,0,1,0,0
981,1,1,3,8,7,0,1,1,1
982,1,1,0,1,7,0,1,2,2
983,1,1,3,0,7,0,1,2,2
984,1,1,0,10,7,0,1,0,0
986,1,0,3,10,7,0,1,0,0
987,1,0,1,10,7,0,1,0,0
993,1,0,0,10,7,0,1,1,1
994,1,1,0,10,7,0,1,2,2
995,1,0,0,10,7,0,1,1,1
997,1,1,0,6,7,0,1,2,2
998,1,1,1,8,7,0,1,2,2
999,1,1,1,6,7,0,1,1,1
1000,1,1,1,0,7,0,1,0,0
1002,0,1,3,3,7,0,1,0,0
1003,1,1,3,1,7,0,1,0,0
1004,1,1,3,3,10,0,1,1,1
1005,1,1,0,3,10,0,1,1,1
1009,0,1,1,3,7,0,1,1,1
1012,1,1,3,3,9,0,1,1,1
1014,1,0,1,3,7,0,1,1,1
1015,1,1,1,3,7,0,1,2,2
1016,1,1,1,3,7,0,1,2,2
1017,1,1,1,3,7,0,1,2,2
1018,1,1,0,3,7,0,1,2,2
1020,0,1,3,10,7,0,1,0,0
1021,1,1,1,3,7,0,1,2,2
1022,1,0,1,3,7,0,1,2,2
1026,1,1,3,10,7,0,1,0,0
1030,1,1,2,3,7,0,1,2,2
1032,1,1,3,5,6,0,1,0,0
1036,1,1,0,10,7,0,1,0,0
1037,1,0,3,10,7,0,1,0,0
1038,1,1,1,0,7,0,1,0,0
1039,1,1,1,0,9,0,1,1,1
1043,1,1,1,1,7,0,1,2,2
1044,1,1,3,3,7,0,1,2,2
1047,1,1,3,0,13,0,1,1,1
1048,1,1,3,10,7,0,1,0,0
1049,1,1,3,1,7,0,1,0,0
1050,1,1,3,1,7,0,1,1,1
1051,1,1,3,10,7,0,1,0,0
1055,1,1,3,10,7,0,1,2,2
1058,1,1,3,3,7,0,1,0,0
1062,1,1,0,3,2,0,1,1,1
1064,1,1,1,3,2,0,1,0,0
1065,1,0,3,3,7,0,1,1,1
1067,1,1,3,10,7,0,1,0,0
1068,1,1,3,3,9,0,1,2,2
1069,1,1,3,3,2,0,1,2,2
1073,1,1,1,3,8,0,1,1,1
1074,1,1,3,1,6,0,1,2,2
1075,1,1,0,3,6,0,1,1,1
1076,1,1,0,3,7,0,1,1,1
1078,0,1,0,3,7,0,1,1,1
1079,1,1,1,3,7,0,1,1,1
1080,1,1,3,3,7,0,1,2,2
1081,1,1,3,10,6,0,1,2,2
1084,1,1,3,10,7,0,1,2,2
1085,1,1,3,3,9,0,1,2,2
1089,1,1,1,0,7,0,1,1,1
1090,1,1,0,1,7,0,1,2,2
1091,1,1,1,0,7,0,1,1,1
1096,1,1,3,1,7,0,1,2,2
1097,1,1,3,0,6,0,1,0,0
1098,1,1,2,1,7,0,1,1,1
1099,1,1,3,10,6,0,1,2,2
1100,1,0,3,10,7,0,1,2,2
1102,1,1,0,0,2,0,1,1,1
1103,1,1,0,10,7,0,1,0,0
1106,1,1,3,8,2,0,1,0,0
1107,1,1,0,1,7,0,1,1,1
1108,1,1,0,1,7,0,1,1,1
1109,1,1,3,10,6,0,1,0,0
1110,1,1,3,3,7,0,1,1,1
1111,1,1,3,3,7,0,1,1,1
1112,1,1,3,3,7,0,1,1,1
1113,1,1,3,3,7,0,1,1,1
1114,1,1,3,8,14,0,1,2,2
1115,1,1,3,0,7,0,1,0,0
1117,1,1,3,1,7,0,1,1,1
1118,1,1,3,10,7,0,1,1,1
1119,1,1,3,3,9,0,1,2,2
1120,1,1,1,3,7,0,1,1,1
1121,1,1,1,3,7,0,1,1,1
1124,1,1,2,3,7,0,1,1,1
1125,1,1,3,3,9,0,1,2,2
1127,1,1,3,3,7,0,1,1,1
1128,1,1,1,3,7,0,1,1,1
1129,1,1,1,4,7,0,1,2,2
1130,1,1,1,3,9,0,1,2,2
1133,1,1,3,3,7,0,1,1,1
1134,1,1,3,10,7,0,1,2,2
1136,1,1,3,10,8,0,1,2,2
1137,1,0,3,10,7,0,1,2,2
1140,1,1,0,3,7,0,1,1,1
1141,1,1,0,3,7,0,1,0,0
1142,1,1,0,3,7,0,1,1,1
1143,1,1,0,4,7,0,1,0,0
1144,1,1,0,3,7,0,1,0,0
1145,0,1,1,3,7,0,1,2,2
1146,1,1,3,1,7,0,1,1,1
1149,1,1,3,3,9,0,1,1,1
1152,1,1,3,1,13,0,1,0,0
1154,1,1,1,5,9,0,1,2,2
1155,1,1,3,3,7,0,1,2,2
1156,1,1,0,3,7,0,1,2,2
1158,1,1,3,10,7,0,1,1,1
1159,1,1,0,3,7,0,1,0,0
1160,1,1,2,3,7,0,1,1,1
1161,1,1,1,10,7,0,1,0,0
1162,1,1,1,3,7,0,1,2,2
1163,1,1,1,8,7,0,1,1,1
1164,1,1,1,8,7,0,1,1,1
1169,1,1,0,1,7,0,1,2,2
1170,1,1,1,1,13,0,1,0,0
1171,1,1,1,10,7,0,1,1,1
1176,1,1,0,3,7,0,1,2,2
1177,1,1,0,3,7,0,1,2,2
1180,1,1,3,3,7,0,1,2,2
1181,1,1,3,3,7,0,1,2,2
1182,1,1,3,5,6,0,1,2,2
1183,1,1,0,3,7,0,1,1,1
1184,1,1,0,3,7,0,1,2,2
1185,1,1,0,3,7,0,1,1,1
1186,1,1,0,3,7,0,1,1,1
1189,1,1,3,0,7,0,1,2,2
1191,1,1,3,3,7,0,1,2,2
1192,1,1,3,3,9,0,1,2,2
1193,1,1,0,3,7,0,1,1,1
1194,1,1,1,3,9,0,1,1,1
1198,1,0,3,10,7,0,1,2,2
1202,1,1,3,3,7,0,1,2,2
1206,0,1,3,3,7,0,1,2,2
1208,0,1,3,3,7,0,1,2,2
1209,1,1,1,3,9,0,1,1,1
1210,1,1,3,0,7,0,1,0,0
1212,1,1,3,3,8,0,1,1,1
1213,1,1,0,10,7,0,1,0,0
1214,1,1,3,10,7,0,1,0,0
1215,1,0,3,8,7,0,1,2,2
1217,1,1,3,5,7,0,1,2,2
1220,1,1,3,1,7,0,1,1,1
1221,1,1,3,1,7,0,1,1,1
1222,1,1,3,3,7,0,1,2,2
1223,1,1,3,10,7,0,1,0,0
1224,0,1,1,3,7,0,1,1,1
1225,0,1,0,3,9,0,1,1,1
1226,1,1,3,10,7,0,1,0,0
1227,1,1,3,0,2,0,1,0,0
1228,1,1,3,0,7,0,1,1,1
1229,1,1,0,3,7,0,1,0,0
1231,1,1,3,3,7,0,1,0,0
1232,1,1,3,10,7,0,1,2,2
1233,1,0,3,5,7,0,1,2,2
1234,1,1,0,5,7,0,1,2,2
1235,1,1,3,0,7,0,1,2,2
1236,1,0,1,10,7,0,1,2,2
1237,1,1,1,5,7,0,1,2,2
1239,1,1,3,1,7,0,1,2,2
1240,1,1,1,8,7,0,1,2,2
1241,1,1,0,1,10,0,1,2,2
1245,0,1,1,3,9,0,1,1,1
1247,1,1,3,10,6,0,1,2,2
1248,1,1,0,3,9,0,1,1,1
1249,1,1,0,3,7,0,1,1,1
1250,1,1,0,3,7,0,1,1,1
1253,1,1,0,3,9,0,1,1,1
1254,1,1,0,3,2,0,1,1,1
1255,1,1,0,3,7,0,1,0,0
1258,1,0,0,3,7,0,1,0,0
1263,1,1,1,3,7,0,1,1,1
1265,0,1,0,3,2,0,1,2,2
1266,1,1,3,2,7,0,1,2,2
1267,1,1,0,3,7,0,1,1,1
1268,1,1,0,3,7,0,1,1,1
1269,1,1,0,3,7,0,1,1,1
1270,1,1,3,5,7,0,1,0,0
1271,1,1,3,10,7,0,1,1,1
1272,1,1,3,10,7,0,1,1,1
1273,1,1,3,10,6,0,1,0,0
1274,1,1,3,10,7,0,1,0,0
1275,1,1,1,10,7,0,1,0,0
1276,1,1,3,10,7,0,1,1,1
1278,1,1,3,3,7,0,1,2,2
1279,1,1,3,3,7,0,1,0,0
1280,0,1,1,3,9,0,1,1,1
1281,1,1,3,1,7,0,1,2,2
1283,1,1,3,3,7,0,1,2,2
1284,1,1,3,3,9,0,1,1,1
1287,1,1,3,10,7,0,1,0,0
1288,1,1,1,1,7,0,1,2,2
1289,1,1,3,6,7,0,1,0,0
1290,1,1,3,6,7,0,1,0,0
1292,0,1,2,3,14,0,1,2,2
1293,1,1,0,10,7,0,1,2,2
1295,1,1,1,10,6,0,1,0,0
1298,1,1,3,2,7,0,1,2,2
1299,1,1,3,1,7,0,1,2,2
1307,1,1,3,5,7,0,1,1,1
1310,1,1,0,6,7,0,1,0,0
1312,1,1,3,0,7,0,1,2,2
1313,1,1,3,0,7,0,1,2,2
1314,1,1,2,8,7,0,1,2,2
1315,1,1,0,8,7,0,1,2,2
1316,1,1,3,0,7,0,1,2,2
1317,1,1,3,0,7,0,1,2,2
1320,1,1,3,0,7,0,1,2,2
1321,1,1,0,3,10,0,1,2,2
1322,1,1,0,3,7,0,1,1,1
1323,1,1,0,3,7,0,1,1,1
1324,1,1,0,3,7,0,1,1,1
1326,1,1,0,3,7,0,1,1,1
1328,0,1,3,5,7,0,1,0,0
1329,0,0,0,3,7,0,1,1,1
1332,1,0,3,3,7,0,1,1,1
1333,1,1,3,1,7,0,1,0,0
1334,1,1,0,3,7,0,1,0,0
1335,1,1,3,10,7,0,1,0,0
1336,1,1,3,10,8,0,1,2,2
1338,1,1,3,0,7,0,1,2,2
1339,1,1,3,8,7,0,1,2,2
1340,1,1,3,0,7,0,1,2,2
1341,1,1,2,8,7,0,1,2,2
1342,1,1,3,0,7,0,1,2,2
1343,1,1,3,8,7,0,1,2,2
1345,1,1,0,3,7,0,1,0,0
1346,1,1,0,5,7,0,1,2,2
1347,1,1,0,3,6,0,1,1,1
1348,1,1,0,3,6,0,1,1,1
1349,1,1,3,0,6,0,1,0,0
1351,1,1,3,1,6,0,1,1,1
1352,1,1,3,1,6,0,1,1,1
1353,1,1,3,10,7,0,1,0,0
1354,1,0,3,0,7,0,1,0,0
1355,1,1,0,0,7,0,1,0,0
1356,1,1,3,10,7,0,1,2,2
1358,1,1,3,10,6,0,1,1,1
1360,1,1,3,1,7,0,1,2,2
1365,1,1,3,10,6,0,1,0,0
1367,1,1,1,6,7,0,1,1,1
1369,1,1,3,1,7,0,1,2,2
1370,1,1,3,0,7,0,1,2,2
1371,1,1,3,10,7,0,1,1,1
1373,1,1,0,3,7,0,1,1,1
1376,1,1,3,1,7,0,1,1,1
1378,1,1,3,2,7,0,1,2,2
1379,1,1,1,1,7,0,1,2,2
1380,1,1,1,1,7,0,1,2,2
1381,1,1,1,1,7,0,1,0,0
1382,1,1,3,10,7,0,1,2,2
1385,0,1,0,3,13,1,1,0,0
1386,1,1,3,3,7,0,1,2,2
1387,1,1,3,1,7,0,1,2,2
1388,1,1,3,1,2,1,1,0,0
1390,1,1,0,3,7,0,1,1,1
1391,1,1,0,3,7,0,1,1,1
1392,1,1,1,3,7,0,1,2,2
1394,1,1,0,5,7,0,1,0,0
1395,1,1,1,5,7,0,1,2,2
1396,1,1,3,5,7,0,1,1,1
1397,1,1,3,3,7,1,1,0,0
1398,0,1,0,3,7,0,1,1,1
1399,1,1,3,5,7,0,1,1,1
1400,1,0,3,10,6,0,1,0,0
1401,1,1,1,1,13,1,1,0,0
1403,0,1,3,3,13,1,1,2,2
1404,1,1,0,7,7,1,1,1,1
1405,1,1,3,3,7,1,1,0,0
1406,1,1,3,1,7,0,1,0,0
1407,1,1,3,1,7,0,1,1,1
1408,1,1,0,10,7,0,1,2,2
1409,1,1,3,3,7,0,1,1,1
1410,1,1,3,10,7,0,1,2,2
1411,0,1,1,3,13,1,1,1,1
1412,0,0,3,3,7,0,1,1,1
1413,0,1,1,3,7,0,1,1,1
1414,1,1,1,3,7,0,1,1,1
1415,1,1,2,3,7,0,1,1,1
1416,1,1,1,3,7,0,1,1,1
1417,0,1,1,3,7,0,1,1,1
1418,0,1,0,3,7,0,1,2,2
1419,1,1,0,3,7,0,1,2,2
1420,0,1,0,3,13,0,1,2,2
1422,1,1,2,10,7,0,1,1,1
1423,1,1,2,10,6,1,1,1,1
1424,1,1,3,10,7,0,1,0,0
1425,1,1,3,10,7,0,1,0,0
1426,1,0,3,1,13,0,1,2,2
1427,1,1,3,1,7,0,1,2,2
1428,1,1,0,10,7,0,1,0,0
1429,1,0,3,10,7,0,1,0,0
1430,1,1,3,3,7,0,1,1,1
1431,1,1,3,3,7,0,1,1,1
1432,1,1,3,3,7,0,1,1,1
1434,1,1,3,10,7,0,1,2,2
1435,1,1,2,10,7,0,1,1,1
1437,1,1,1,3,7,0,1,2,2
1439,1,1,2,0,7,0,1,2,2
1440,0,1,0,6,7,0,1,1,1
1441,1,1,1,0,7,1,1,0,0
1443,1,1,0,1,7,0,1,0,0
1444,1,1,3,1,7,0,1,1,1
1445,1,0,3,10,7,0,1,0,0
1448,1,1,3,3,7,0,1,2,2
1449,1,1,3,3,7,0,1,2,2
1450,1,0,3,1,7,0,1,2,2
1451,1,1,0,7,7,0,1,2,2
1452,1,1,0,7,9,1,1,2,2
1453,0,1,1,3,13,1,1,1,1
1454,0,0,1,3,9,1,1,1,1
1456,1,1,3,3,7,1,1,1,1
1457,1,1,1,3,7,0,1,2,2
1458,1,1,0,5,13,1,1,2,2
1459,1,1,1,3,7,0,1,1,1
1460,0,1,3,3,7,0,1,2,2
1464,1,1,3,1,7,0,1,1,1
1465,1,1,3,1,7,0,1,1,1
1466,1,0,2,10,7,0,1,1,1
1467,1,1,0,1,6,1,1,0,0
1468,0,1,0,3,7,0,1,2,2
1469,0,1,0,3,7,0,1,1,1
1470,0,2,0,3,13,1,1,1,1
1471,1,1,0,3,13,1,1,1,1
1472,1,1,1,3,7,0,1,1,1
1473,0,1,3,3,7,0,1,2,2
1474,1,1,1,3,7,0,1,2,2
1475,0,1,1,3,7,0,1,1,1
1476,1,1,1,3,7,0,1,2,2
1477,1,1,1,3,7,0,1,2,2
1478,1,1,1,3,7,0,1,1,1
1479,1,1,1,5,7,0,1,1,1
1480,1,1,1,5,13,0,1,1,1
1481,1,1,3,1,7,1,1,2,2
1482,1,1,3,1,7,0,1,0,0
1483,1,1,3,1,13,1,1,1,1
1484,1,1,3,1,7,0,1,0,0
1485,0,1,2,3,7,0,1,2,2
1486,1,2,3,3,13,1,1,2,2
1487,0,1,3,3,7,0,1,2,2
1488,0,1,0,3,7,0,1,2,2
1489,0,1,0,3,13,1,1,2,2
1491,1,1,3,1,7,0,1,2,2
1492,1,1,0,3,9,0,1,1,1
1493,1,1,0,3,9,1,1,1,1
1494,1,1,3,0,7,0,1,2,2
1495,1,1,3,0,7,0,1,1,1
1496,1,1,3,3,7,0,1,0,0
1497,1,1,1,0,7,0,1,2,2
1498,1,1,3,1,13,0,1,1,1
1499,1,1,3,5,7,0,1,1,1
1500,1,1,0,1,7,0,1,1,1
1502,1,1,0,1,7,0,1,1,1
1507,1,1,1,1,7,0,1,2,2
1508,1,1,0,1,7,0,1,0,0
1509,1,1,1,1,7,1,1,0,0
1510,1,1,3,0,7,0,1,0,0
1511,1,1,3,1,7,0,1,1,1
1512,1,1,3,3,14,1,1,1,1
1513,0,1,3,3,7,0,1,2,2
1514,1,1,1,1,7,0,1,2,2
1515,0,1,1,5,7,0,1,1,1
1516,0,1,0,3,7,0,1,2,2
1517,0,1,0,3,7,0,1,2,2
1518,0,1,0,3,7,0,1,2,2
1519,1,1,0,3,7,0,1,2,2
1520,0,0,3,3,7,0,1,2,2
1521,1,1,3,1,7,0,1,1,1
1522,1,1,1,0,7,1,1,0,0
1523,1,1,3,3,7,0,1,1,1
1524,1,1,3,3,7,0,1,1,1
1525,1,1,3,3,7,0,1,2,2
1526,1,1,3,1,7,0,1,2,2
1527,1,1,1,1,7,1,1,0,0
1528,1,1,3,1,13,0,1,2,2
1529,1,0,3,1,7,0,1,1,1
1530,1,0,3,10,7,0,1,1,1
1531,1,1,2,0,7,0,1,0,0
1532,0,1,3,3,7,0,1,2,2
1533,0,1,3,3,7,0,1,1,1
1535,1,1,0,3,7,0,1,2,2
1536,1,1,0,3,7,0,1,2,2
1537,1,1,3,3,6,1,1,2,2
1538,0,1,3,0,7,0,1,2,2
1539,0,1,3,0,7,0,1,2,2
1540,1,1,3,1,7,0,1,1,1
1541,1,1,3,1,7,0,1,1,1
1542,0,0,1,6,7,0,1,0,0
1544,1,1,3,1,7,0,1,0,0
1545,1,1,2,3,7,0,1,1,1
1549,1,1,2,1,7,0,1,1,1
1550,1,1,1,1,7,0,1,1,1
1551,1,1,3,1,7,0,1,2,2
1552,1,1,3,1,7,0,1,0,0
1555,1,1,2,2,7,0,1,1,1
1556,1,1,0,1,13,1,1,2,2
1557,0,1,3,3,13,1,1,0,0
1559,1,1,0,1,7,0,1,1,1
1561,1,1,3,1,7,0,1,1,1
1562,0,1,1,3,13,1,1,1,1
1563,0,1,1,3,13,1,1,1,1
1564,1,1,2,1,6,0,1,1,1
1565,1,1,3,10,13,1,1,0,0
1566,1,2,3,10,7,0,1,0,0
1567,0,1,0,3,7,0,1,0,0
1568,1,1,0,3,7,0,1,2,2
1569,1,1,2,3,7,0,1,2,2
1570,1,1,2,3,7,0,1,2,2
1571,1,1,0,3,7,0,1,2,2
1572,1,1,3,3,7,0,1,2,2
1573,0,1,3,6,7,0,1,2,2
1574,1,1,3,3,7,1,1,0,0
1575,1,1,3,1,7,0,1,2,2
1576,1,1,3,3,9,1,1,1,1
1577,0,1,3,3,7,0,1,0,0
1578,0,1,3,10,13,0,1,1,1
1579,0,1,0,3,7,1,1,2,2
1580,0,1,0,3,7,1,1,0,0
1581,0,1,0,3,7,1,1,2,2
1582,0,1,1,0,7,0,1,1,1
1583,0,1,1,0,7,0,1,1,1
1584,0,1,0,3,7,1,1,2,2
1585,1,0,3,10,7,0,1,0,0
1588,0,1,0,3,7,0,1,1,1
1589,0,1,0,5,7,0,1,1,1
1590,1,1,0,3,7,0,1,1,1
1591,0,1,3,3,7,0,1,2,2
1593,1,1,3,10,7,0,2,2,2
1594,1,1,2,5,7,0,2,0,0
1595,0,1,1,3,7,1,2,1,1
1596,0,1,1,3,9,1,2,2,2
1597,0,1,1,3,9,1,2,1,1
1598,1,1,1,3,7,0,2,1,1
1599,0,1,3,1,7,0,2,1,1
1600,1,1,3,10,13,0,2,0,0
1605,1,0,1,1,13,1,2,0,0
1606,0,1,0,3,14,1,2,2,2
1607,0,1,0,3,6,1,2,1,1
1608,1,0,3,5,6,0,2,0,0
1609,1,1,0,1,7,0,2,1,1
1611,1,0,3,1,7,1,2,0,0
1612,1,0,3,10,6,1,2,2,2
1613,1,1,3,1,7,0,2,0,0
1614,0,1,0,3,13,1,2,1,1
1615,0,1,0,3,7,1,2,1,1
1616,0,1,3,3,13,1,2,2,2
1617,0,1,3,3,7,0,2,1,1
1618,1,1,1,3,7,0,2,1,1
1619,0,1,1,3,9,1,2,1,1
1620,1,0,1,3,7,0,2,1,1
1621,1,0,1,3,7,0,2,1,1
1622,0,1,2,1,7,0,2,2,2
1623,0,1,3,10,7,0,2,1,1
1624,0,1,3,3,13,1,2,1,1
1625,0,1,1,3,7,0,2,0,0
1626,1,0,3,1,13,1,2,2,2
1627,1,1,3,3,7,0,2,2,2
1628,1,1,1,3,7,0,2,1,1
1629,1,1,1,3,9,0,2,1,1
1630,0,1,1,3,7,0,2,2,2
1631,0,1,1,3,7,0,2,2,2
1632,1,1,1,3,7,0,2,1,1
1633,1,1,1,10,13,0,2,2,2
1634,1,1,3,1,7,0,2,1,1
1635,0,1,3,0,7,0,2,2,2
1636,0,1,0,3,7,0,2,2,2
1637,0,1,0,3,7,0,2,2,2
1638,0,1,0,3,7,0,2,2,2
1639,0,1,1,3,7,1,2,2,2
1640,1,0,2,3,9,1,2,0,0
1641,0,1,1,3,7,0,2,2,2
1642,1,1,1,3,7,0,2,2,2
1643,1,1,3,3,7,0,2,1,1
1644,1,1,2,3,7,0,2,1,1
1645,1,0,3,10,7,0,2,0,0
1646,1,1,3,1,7,0,2,0,0
1647,1,1,1,0,7,0,2,0,0
1648,1,1,3,1,7,1,2,2,2
1649,1,1,2,1,13,0,2,0,0
1650,1,1,3,3,13,0,2,1,1
1652,1,1,1,3,13,1,2,1,1
1653,1,1,0,3,13,0,2,1,1
1654,0,1,0,3,13,1,2,1,1
1655,0,1,1,0,7,0,2,2,2
1656,1,1,0,3,13,1,2,1,1
1657,1,1,3,3,7,0,2,1,1
1658,1,1,3,3,7,0,2,1,1
1659,0,1,3,3,7,0,2,2,2
1660,1,1,0,1,7,0,2,0,0
1661,1,1,1,1,13,0,2,0,0
1662,1,1,3,1,7,0,2,2,2
1663,1,1,0,3,9,1,2,1,1
1664,1,1,0,10,7,0,2,0,0
1665,1,1,0,1,7,0,2,0,0
1666,1,0,3,1,7,0,2,2,2
1667,1,0,3,1,7,0,2,2,2
1668,0,1,1,3,7,1,2,1,1
1669,1,2,2,0,9,0,2,1,1
1670,0,1,0,3,13,0,2,1,1
1671,1,1,3,10,7,0,2,0,0
1672,1,1,3,10,7,0,2,0,0
1673,0,1,3,3,13,1,2,1,1
1679,1,1,3,10,13,1,2,0,0
1680,1,1,3,0,7,0,2,0,0
1681,1,1,3,10,7,0,2,0,0
1682,1,1,3,3,7,0,2,0,0
1683,1,1,3,10,7,0,2,0,0
1684,1,1,3,3,9,1,2,1,1
1685,1,1,1,1,7,0,2,0,0
1686,1,1,1,3,7,0,2,1,1
1687,1,1,3,10,6,0,2,0,0
1688,1,1,0,10,7,0,2,2,2
1692,1,0,1,10,7,0,2,0,0
1693,1,1,3,3,13,1,2,2,2
1694,0,1,0,5,7,0,2,2,2
1695,1,0,1,0,7,0,2,2,2
1696,0,1,3,0,7,0,2,0,0
1697,1,1,2,3,7,0,2,2,2
1698,0,1,0,3,7,0,2,0,0
1699,0,1,1,0,7,0,2,2,2
1700,1,1,1,0,7,0,2,2,2
1701,1,1,3,1,7,0,2,0,0
1702,1,1,1,1,13,0,2,0,0
1703,1,1,2,3,7,0,2,1,1
1704,1,1,3,3,7,0,2,1,1
1705,1,1,3,3,7,0,2,1,1
1706,1,1,2,3,9,1,2,1,1
1707,1,1,1,5,13,1,2,1,1
1709,1,1,0,5,13,0,2,2,2
1710,1,0,3,1,7,0,2,0,0
1711,1,0,3,1,7,0,2,1,1
1712,1,1,3,10,7,0,2,0,0
1713,1,1,3,10,7,1,2,1,1
1714,1,1,3,1,7,0,2,1,1
1715,1,1,3,1,7,0,2,2,2
1716,1,1,3,10,6,1,2,0,0
1717,1,0,3,10,6,1,2,2,2
1718,0,1,0,3,13,1,2,1,1
1719,1,1,3,0,7,0,2,1,1
1720,1,1,3,0,7,0,2,2,2
1721,1,1,3,0,7,0,2,2,2
1722,1,1,2,10,13,1,2,0,0
1723,0,1,1,10,14,0,2,2,2
1724,0,1,1,3,7,0,2,2,2
1725,1,1,3,1,7,0,2,0,0
1726,0,1,3,3,9,1,2,1,1
1727,1,1,3,1,13,1,2,0,0
1728,1,1,3,10,7,0,2,0,0
1729,0,1,1,6,13,1,2,1,1
1730,0,1,1,0,7,0,2,1,1
1731,0,1,3,0,7,0,2,2,2
1732,1,1,3,10,13,0,2,0,0
1735,0,0,2,3,7,0,2,1,1
1736,0,1,2,3,7,0,2,1,1
1737,1,1,2,10,7,0,2,2,2
1738,1,1,0,10,6,1,2,2,2
1739,1,0,3,10,7,1,2,1,1
1740,0,1,3,0,13,1,2,0,0
1741,1,0,3,1,7,0,2,2,2
1742,1,1,3,1,7,0,2,2,2
1743,1,1,3,1,7,0,2,1,1
1744,1,1,3,10,7,0,2,1,1
1745,1,1,0,3,7,0,2,2,2
1746,1,1,0,3,7,0,2,2,2
1747,1,1,2,3,7,0,2,2,2
1748,0,1,0,3,7,0,2,2,2
1749,1,0,3,10,7,0,2,0,0
1750,1,1,3,1,6,0,2,0,0
1751,0,1,3,3,7,0,2,1,1
1752,1,1,3,3,7,0,2,1,1
1753,1,1,3,10,7,1,2,1,1
1755,0,1,3,3,13,1,2,2,2
1756,0,1,1,3,7,0,2,1,1
1758,1,1,3,10,7,0,2,0,0
1759,1,1,0,3,7,0,2,2,2
1760,1,1,0,3,9,1,2,2,2
1761,1,1,0,3,7,0,2,2,2
1762,1,1,0,5,7,0,2,0,0
1763,1,1,3,0,7,0,2,2,2
1764,1,1,3,3,7,0,2,1,1
1765,1,1,3,10,7,0,2,2,2
1766,1,1,3,1,7,0,2,0,0
1767,1,1,0,3,9,1,2,2,2
1768,1,0,1,3,13,0,2,2,2
1769,1,1,3,0,7,0,2,0,0
1770,1,1,3,1,7,0,2,0,0
1771,1,1,3,1,7,0,2,0,0
1773,1,1,3,1,13,1,2,0,0
1774,1,1,3,3,9,1,2,2,2
1775,1,1,3,3,7,0,2,1,1
1776,1,1,3,3,9,0,2,2,2
1777,1,1,2,10,13,0,2,2,2
1781,1,0,0,0,7,0,2,1,1
1782,1,1,3,1,13,1,2,2,2
1783,1,1,1,3,7,0,2,2,2
1784,1,1,3,0,7,0,2,1,1
1785,1,1,3,1,7,0,2,0,0
1786,1,1,3,1,7,0,2,2,2
1787,1,1,3,10,7,0,2,2,2
1788,1,1,3,10,7,0,2,2,2
1789,1,1,3,1,7,0,2,0,0
1790,1,1,3,10,7,0,2,2,2
1791,1,1,0,3,9,1,2,1,1
1792,0,1,3,3,7,0,2,1,1
1793,0,2,1,3,13,1,2,2,2
1794,1,1,3,1,7,0,2,0,0
1795,1,0,2,3,7,0,2,2,2
1796,1,1,3,1,7,0,2,0,0
1797,1,1,2,1,7,0,2,1,1
1798,1,1,2,10,7,0,2,0,0
1799,1,1,2,10,7,0,2,0,0
1800,1,0,1,1,7,0,2,0,0
1801,1,1,0,1,7,0,2,2,2
1802,0,1,0,3,13,1,2,1,1
1803,1,1,0,3,7,0,2,1,1
1804,1,1,3,3,9,1,2,1,1
1807,1,1,3,3,9,1,2,0,0
1808,0,1,0,3,13,1,2,2,2
1809,1,1,0,3,13,1,2,2,2
1810,1,1,3,1,13,0,2,1,1
1811,1,1,0,1,7,0,2,1,1
1812,1,1,0,1,7,0,2,2,2
1813,1,1,0,10,13,0,2,2,2
1814,0,1,3,3,13,1,2,1,1
1815,0,1,3,3,13,1,2,0,0
1816,1,1,1,3,13,1,2,1,1
1817,1,1,3,1,7,0,2,2,2
1818,1,1,2,10,7,0,2,2,2
1819,1,1,1,10,7,0,2,0,0
1820,1,0,2,10,7,0,2,0,0
1821,1,1,3,0,7,0,2,1,1
1822,1,1,2,1,6,1,2,1,1
1823,1,1,1,10,9,0,2,1,1
1824,0,1,3,5,7,0,2,2,2
1825,0,1,1,3,7,0,2,1,1
1826,1,1,3,0,7,0,2,2,2
1827,0,1,3,3,13,1,2,1,1
1829,1,1,3,3,7,0,2,1,1
1830,1,1,3,3,7,0,2,1,1
1831,0,1,1,0,7,0,2,1,1
1832,0,1,2,0,7,0,2,1,1
1833,1,1,0,3,9,1,2,1,1
1834,1,1,2,3,7,0,2,1,1
1835,1,1,3,3,9,1,2,1,1
1836,1,1,3,3,9,1,2,1,1
1837,1,1,0,6,7,0,2,1,1
1838,1,1,1,1,7,0,2,1,1
1840,1,1,3,1,7,0,2,1,1
1841,1,0,0,5,7,0,2,2,2
1842,0,1,0,3,7,0,2,2,2
1843,1,1,1,3,7,0,2,1,1
1844,0,1,3,3,13,1,2,1,1
1845,0,1,2,3,9,1,2,1,1
1846,1,1,1,10,7,0,2,0,0
1847,1,1,0,1,7,0,2,0,0
1848,0,1,3,3,13,1,2,2,2
1849,1,1,2,10,7,0,2,2,2
1850,1,1,1,10,7,0,2,2,2
1851,1,1,2,10,7,0,2,0,0
1852,1,0,3,3,9,1,2,2,2
1853,1,1,3,3,7,0,2,1,1
1854,1,1,3,3,7,0,2,1,1
1855,1,1,3,3,7,0,2,1,1
1856,0,1,1,3,7,0,2,1,1
1857,0,1,1,3,7,0,2,2,2
1858,1,1,1,10,7,0,2,1,1
1859,1,1,1,3,7,0,2,1,1
1860,1,1,3,3,7,0,2,1,1
1861,1,1,1,5,7,0,2,0,0
1862,0,1,2,5,7,0,2,2,2
1863,1,1,0,3,7,0,2,1,1
1864,1,1,0,3,9,1,2,1,1
1865,0,1,0,3,9,1,2,1,1
1866,1,0,3,3,7,0,2,2,2
1867,1,1,1,3,7,0,2,2,2
1868,1,1,3,1,13,1,2,0,0
1869,1,1,0,3,7,0,2,1,1
1870,1,1,0,3,7,0,2,1,1
1871,1,1,0,3,7,0,2,1,1
1872,0,1,3,3,9,1,2,2,2
1873,1,1,3,5,7,0,2,0,0
1874,1,1,3,1,7,0,2,2,2
1875,1,1,3,1,7,0,2,2,2
1876,1,1,3,3,7,0,2,1,1
1877,1,1,3,3,9,1,2,1,1
1878,0,1,0,3,7,0,2,1,1
1879,0,1,1,3,7,0,2,2,2
1880,1,1,3,3,6,0,2,1,1
1882,0,1,2,3,7,0,2,1,1
1883,1,1,0,10,13,0,2,0,0
1885,1,1,0,1,7,0,2,2,2
1886,1,1,1,10,13,1,2,1,1
1887,1,1,0,10,13,0,2,0,0
1888,0,1,0,3,7,0,2,2,2
1889,1,1,3,1,13,0,2,1,1
1890,1,1,3,10,7,0,2,2,2
1891,1,1,3,3,13,1,2,1,1
1892,1,1,3,3,13,1,2,2,2
1893,1,1,3,3,7,0,2,1,1
1894,0,1,1,3,7,0,2,2,2
1895,1,1,0,3,9,1,2,2,2
1896,1,1,3,3,9,1,2,1,1
1897,1,1,3,0,13,1,2,2,2
1898,0,1,1,3,13,1,2,2,2
1899,1,0,1,3,10,1,2,0,0
1901,1,0,1,3,11,1,2,0,0
1902,1,1,3,3,0,0,2,1,1
1903,1,1,1,3,0,0,2,1,1
1904,1,0,1,3,0,0,2,1,1
1905,1,0,1,3,0,0,2,1,1
1907,1,1,4,3,0,0,2,1,1
1908,1,1,3,3,0,0,2,2,2
1909,1,1,3,3,0,0,2,2,2
1913,1,1,4,1,0,0,2,1,1
1914,1,1,0,1,0,0,2,2,2
1915,0,1,0,3,0,0,2,2,2
1916,0,1,1,3,1,1,2,2,2
1917,1,1,3,10,1,1,2,1,1
1918,1,1,3,10,0,0,2,2,2
1919,1,1,4,10,0,0,2,2,2
1921,1,1,3,3,0,0,2,0,0
1922,0,1,4,3,0,0,2,0,0
1923,0,1,4,3,1,1,2,2,2
1924,0,1,3,3,0,0,2,2,2
1925,1,1,4,3,0,0,2,1,1
1927,1,1,0,10,0,0,2,0,0
1928,0,1,0,3,0,0,2,2,2
1929,0,1,4,3,0,0,2,2,2
1930,1,1,3,10,0,0,2,0,0
1931,1,1,0,3,0,1,2,1,1
1932,0,1,0,3,5,1,2,1,1
1933,1,1,1,3,0,0,2,2,2
1934,0,1,4,3,0,0,2,2,2
1935,0,1,0,10,0,0,2,1,1
1936,1,1,4,10,0,0,2,1,1
1937,1,1,3,3,0,0,2,2,2
1938,1,1,3,10,0,1,2,0,0
1939,1,1,3,1,0,0,2,0,0
1941,1,1,3,3,1,1,2,2,2
1942,1,1,4,3,0,0,2,2,2
1943,1,1,3,1,0,0,2,2,2
1945,1,1,3,1,0,0,2,0,0
1946,1,1,3,1,0,0,2,0,0
1947,1,1,3,3,0,0,2,2,2
1948,1,1,3,1,1,1,2,0,0
1949,1,1,0,3,0,0,2,1,1
1950,1,1,0,3,0,0,2,1,1
1951,1,1,0,3,5,1,2,1,1
1953,1,1,3,3,1,1,2,2,2
1954,0,1,4,6,0,0,2,0,0
1955,1,1,4,3,0,0,2,1,1
1956,0,1,1,3,0,0,2,2,2
1957,1,1,3,8,0,1,2,0,0
1958,1,1,3,3,0,1,2,1,1
1959,1,1,3,3,5,1,2,2,2
1960,1,1,4,1,1,0,2,2,2
1961,1,1,3,3,1,1,2,2,2
1962,1,1,3,1,0,0,2,0,0
1963,1,1,3,3,0,0,2,2,2
1964,0,1,4,8,1,1,2,2,2
1965,0,1,4,1,0,0,2,1,1
1966,0,1,0,3,11,1,2,1,1
1967,1,1,4,1,0,0,2,1,1
1968,1,1,3,3,5,1,2,2,2
1969,1,1,3,3,1,1,2,2,2
1970,1,1,1,3,0,0,2,1,1
1971,1,1,1,3,0,0,2,2,2
1972,1,1,3,1,1,1,2,0,0
1973,1,1,3,1,1,0,2,1,1
1974,1,1,3,1,1,1,2,0,0
1976,1,1,3,3,0,0,2,1,1
1977,1,1,3,3,0,0,2,1,1
1978,1,1,1,8,0,0,2,1,1
1981,1,1,3,10,0,0,2,0,0
1982,1,1,3,1,0,0,2,0,0
1990,1,1,3,3,5,1,2,1,1
1991,1,1,0,10,0,1,2,0,0
1993,1,1,2,3,5,1,2,2,2
1994,1,1,0,3,5,1,2,1,1
1995,1,1,0,3,0,0,2,2,2
1998,1,1,1,3,0,0,2,1,1
1999,1,1,0,3,1,1,2,1,1
2000,0,1,0,3,1,1,2,1,1
2001,1,1,4,1,0,0,2,0,0
2002,1,1,3,1,0,1,2,2,2
2003,1,0,3,3,0,0,2,0,0
2004,1,1,3,3,0,0,2,0,0
2005,0,1,0,3,1,1,2,2,2
2006,1,1,3,10,4,0,2,0,0
2007,1,1,0,10,1,0,2,0,0
2008,1,1,3,10,1,1,2,2,2
2009,1,1,3,10,1,1,2,0,0
2010,0,1,2,3,0,0,2,1,1
2012,1,1,3,3,5,1,2,1,1
2014,1,1,0,3,0,0,2,2,2
2015,1,1,0,3,0,0,2,2,2
2016,0,1,3,3,1,0,2,1,1
2017,0,1,4,3,1,1,2,2,2
2019,1,1,3,10,0,0,2,0,0
2020,0,1,0,3,0,0,2,1,1
2021,0,1,0,3,0,0,2,1,1
2023,0,1,3,3,1,1,2,2,2
2024,1,1,0,1,0,0,2,2,2
2025,1,1,0,3,0,0,2,1,1
2026,1,1,1,3,1,1,2,2,2
2027,1,1,1,1,1,1,2,0,0
2028,1,1,0,3,0,0,2,2,2
2032,1,1,3,10,0,0,2,0,0
2036,0,1,0,3,1,1,2,1,1
2037,1,1,3,1,0,0,2,0,0
2038,1,1,3,3,0,0,2,1,1
2039,1,1,3,1,0,0,2,1,1
2041,1,1,0,3,0,1,2,1,1
2042,1,1,3,1,0,0,2,2,2
2044,1,1,1,10,1,1,2,0,0
2045,1,1,3,3,5,1,2,2,2
2046,1,1,3,1,1,1,2,0,0
2047,0,1,3,3,1,1,2,1,1
2048,1,1,1,3,0,0,2,0,0
2049,0,1,3,10,0,0,2,0,0
2050,0,1,3,3,0,0,2,0,0
2052,1,1,2,1,0,0,2,1,1
2053,0,1,1,3,0,1,2,2,2
2054,1,1,0,1,1,0,2,0,0
2055,1,1,0,3,0,0,2,1,1
2057,1,1,3,10,0,0,2,0,0
2058,1,1,3,1,0,0,2,2,2
2060,0,1,0,3,0,0,2,1,1
2062,1,1,3,1,0,0,2,2,2
2063,1,1,1,1,0,0,2,1,1
2066,1,1,3,10,0,0,2,0,0
2067,1,0,3,1,0,0,2,2,2
2068,1,0,3,1,0,0,2,2,2
2069,1,0,3,1,0,0,2,2,2
2070,1,1,0,1,0,0,2,1,1
2074,0,1,3,3,0,0,2,1,1
2075,1,1,0,10,1,1,2,0,0
2076,0,1,0,3,1,1,2,2,2
2077,1,1,3,3,5,1,2,1,1
2078,1,1,3,3,5,1,2,2,2
2079,1,1,3,3,5,1,2,1,1
2080,1,1,3,10,1,1,2,0,0
2081,1,1,3,1,0,0,2,0,0
2082,0,1,1,3,1,1,2,2,2
2083,1,0,3,10,0,0,2,2,2
2084,1,1,1,3,0,0,2,1,1
2087,1,1,1,3,0,0,2,1,1
2088,1,1,3,1,0,0,2,0,0
2091,1,1,3,3,0,0,2,2,2
2092,1,1,3,3,11,1,2,1,1
2094,0,1,1,3,11,1,2,0,0
2095,0,1,3,3,0,0,2,0,0
2096,1,1,3,3,0,1,2,0,0
2098,0,1,0,3,1,1,2,0,0
2099,0,1,1,6,0,0,2,1,1
2100,1,0,1,8,0,0,2,2,2
2101,1,1,2,1,1,0,2,0,0
2102,1,1,3,3,1,1,2,2,2
2103,0,1,3,3,1,0,2,2,2
2104,0,1,1,3,1,1,2,2,2
2105,1,0,3,1,0,1,2,2,2
2106,1,1,3,8,0,0,2,2,2
2107,0,1,3,8,4,1,2,0,0
2111,1,1,3,8,0,0,2,0,0
2115,0,1,1,8,1,1,2,0,0
2116,0,1,1,3,1,1,2,2,2
2117,1,1,1,10,0,0,2,0,0
2119,1,1,3,8,0,0,2,2,2
2121,1,1,3,1,1,0,2,2,2
2122,0,0,3,3,0,0,2,1,1
2123,1,0,3,10,0,0,2,2,2
2124,1,1,3,3,0,0,2,2,2
2125,1,1,0,10,0,1,2,0,0
2127,1,0,1,10,1,1,2,0,0
2128,0,1,3,3,1,1,2,1,1
2129,1,1,1,1,1,1,2,1,1
2131,1,1,3,3,1,1,2,1,1
2132,0,1,3,3,1,1,2,1,1
2134,1,1,3,3,0,0,2,1,1
2135,1,1,4,3,0,0,2,2,2
2136,1,0,3,3,0,0,2,1,1
2137,1,0,0,3,0,0,2,1,1
2138,0,1,3,3,1,1,2,1,1
2139,1,1,3,8,0,0,2,2,2
2140,1,0,3,10,0,0,2,0,0
2142,1,1,0,1,0,0,2,0,0
2144,0,1,3,3,0,0,2,1,1
2145,1,1,3,10,0,0,2,2,2
2146,0,1,3,3,0,0,2,2,2
2147,0,1,3,3,0,0,2,2,2
2149,0,1,3,3,1,1,2,1,1
2150,0,1,3,3,1,1,2,1,1
2151,1,1,3,3,0,0,2,1,1
2152,1,1,3,8,0,0,2,0,0
2154,1,1,3,1,1,0,2,0,0
2155,1,0,3,3,0,1,2,1,1
2156,0,0,0,3,0,0,2,1,1
2157,1,1,1,3,5,1,2,1,1
2158,1,0,3,3,3,0,2,1,1
2159,1,1,1,3,5,1,2,1,1
2160,1,1,3,3,5,1,2,1,1
2161,1,1,3,3,1,1,2,1,1
2162,1,0,0,1,0,0,2,1,1
2163,1,1,3,10,4,0,2,1,1
2164,0,1,3,3,1,1,2,1,1
2166,0,1,3,3,0,0,2,2,2
2168,0,1,0,3,1,1,2,1,1
2169,1,1,1,3,0,0,2,1,1
2170,0,1,1,3,0,0,2,2,2
2171,1,1,1,3,5,1,2,1,1
2172,0,1,1,3,0,0,2,2,2
2173,1,1,1,3,0,0,2,0,0
2174,1,1,3,1,1,1,2,1,1
2175,1,1,3,1,1,1,2,2,2
2176,1,1,3,3,0,0,2,2,2
2178,1,1,1,3,5,1,2,2,2
2180,1,1,1,10,0,0,2,2,2
2182,1,0,3,3,1,1,2,0,0
2183,1,1,0,3,0,0,2,0,0
2185,1,1,3,3,0,0,2,2,2
2186,0,1,3,3,0,0,2,2,2
2188,0,0,3,3,0,0,2,2,2
2192,1,1,0,3,0,0,2,1,1
2193,0,1,3,3,1,1,2,2,2
2194,1,1,1,3,0,0,2,2,2
2195,0,1,3,3,1,1,2,2,2
2196,1,1,3,3,0,1,2,0,0
2197,0,1,3,3,5,1,2,0,0
2198,0,1,1,6,0,0,2,2,2
2199,0,1,3,3,1,1,2,1,1
2202,1,1,3,1,0,0,2,1,1
2203,1,1,3,1,0,0,2,1,1
2204,1,1,3,1,0,1,2,0,0
2205,1,1,0,3,0,0,2,0,0
2206,1,0,0,10,0,0,2,0,0
2207,1,1,1,1,0,0,2,0,0
2208,1,1,3,1,0,0,2,2,2
2209,1,1,3,1,0,0,2,2,2
2210,1,1,3,1,0,0,2,2,2
2211,1,1,3,8,0,0,2,2,2
2212,0,1,3,3,5,1,2,0,0
2213,0,1,1,3,5,1,2,0,0
2214,1,1,1,3,0,0,2,1,1
2215,1,1,3,3,0,0,2,1,1
2216,1,0,1,10,0,0,2,1,1
2218,1,0,1,10,0,0,2,0,0
2219,1,0,1,10,0,0,2,1,1
2220,1,1,3,1,0,0,2,1,1
2221,0,1,1,3,0,1,2,1,1
2222,1,1,1,10,1,0,2,1,1
2224,1,1,4,3,0,1,2,2,2
2225,1,1,1,8,0,1,2,0,0
2227,1,1,3,3,5,1,2,2,2
2228,1,1,0,3,1,1,2,2,2
2230,1,1,3,1,4,0,2,0,0
2232,1,1,0,8,0,0,2,0,0
2234,0,1,3,3,1,1,2,2,2
2235,1,1,3,3,0,0,2,2,2
2237,0,1,3,3,12,1,2,2,2
2238,0,1,3,3,5,1,2,0,0
2239,0,1,3,3,1,1,2,2,2
2240,0,1,1,8,0,0,2,1,1
2241,1,1,3,3,0,0,2,2,2
2242,1,1,3,3,5,1,2,2,2
2243,1,0,3,3,0,0,2,0,0
2244,1,1,3,3,0,0,2,0,0
2245,0,1,1,3,0,0,2,2,2
2247,1,1,0,3,0,0,2,1,1
2249,0,1,1,6,0,0,2,2,2
2250,0,1,1,6,0,0,2,1,1
2251,1,1,0,1,0,0,2,0,0
2252,1,1,1,3,1,1,2,2,2
2253,1,1,3,1,4,0,2,0,0
2254,1,1,3,10,0,0,2,0,0
2256,1,1,0,6,0,0,2,2,2
2257,0,1,0,6,0,0,2,2,2
2258,0,1,0,2,1,0,2,0,0
2259,0,1,3,3,0,0,2,2,2
2260,0,1,3,3,1,1,2,1,1
2261,0,1,0,3,1,1,2,2,2
2262,1,0,3,3,5,1,2,2,2
2264,1,1,3,3,0,0,2,2,2
2266,1,1,3,1,0,0,2,1,1
2267,1,1,3,10,0,0,2,0,0
2268,1,1,3,10,0,0,2,0,0
2269,1,1,3,2,0,0,2,1,1
2270,1,1,1,10,0,0,2,0,0
2271,1,1,3,3,0,0,2,2,2
2272,1,1,0,3,11,1,2,1,1
2273,1,1,3,3,5,1,2,1,1
2274,0,1,0,3,0,0,2,0,0
2275,1,1,0,3,0,0,2,1,1
2276,1,0,0,3,0,0,2,1,1
2277,1,1,3,1,0,0,2,1,1
2278,0,1,3,3,0,0,2,1,1
2279,1,1,3,1,4,1,2,2,2
2280,1,1,3,1,4,0,2,0,0
2281,1,1,0,3,0,0,2,1,1
2282,1,1,0,3,0,0,2,1,1
2283,1,1,0,3,0,0,2,1,1
2284,1,1,0,3,0,0,2,1,1
2285,1,1,3,3,0,0,2,1,1
2289,1,0,3,3,1,1,2,2,2
2290,0,1,3,3,1,1,2,2,2
2291,1,1,3,2,0,0,2,2,2
2292,0,1,3,3,0,0,2,1,1
2293,1,1,1,8,0,0,2,1,1
2296,1,1,3,10,1,1,2,2,2
2298,1,1,1,8,1,0,2,0,0
2299,0,1,1,8,0,0,2,2,2
2301,0,1,1,3,1,1,2,0,0
2302,1,1,1,3,1,1,2,0,0
2303,1,0,3,3,0,0,2,2,2
2304,1,0,3,3,0,0,2,0,0
2305,1,1,1,3,0,0,2,0,0
2306,1,1,3,5,0,0,2,0,0
2307,1,1,3,5,0,0,2,0,0
2308,0,1,3,3,0,0,2,2,2
2309,0,1,3,3,0,0,2,0,0
2311,0,1,1,3,0,0,2,2,2
2313,1,0,3,10,0,0,2,0,0
2314,1,1,3,3,1,0,2,1,1
2315,1,1,3,3,1,0,2,0,0
2316,1,1,1,3,0,0,2,1,1
2317,1,1,3,1,0,0,2,0,0
2318,1,1,1,3,0,0,2,1,1
2321,1,1,2,3,1,1,2,1,1
2322,1,1,0,10,0,0,2,2,2
2323,0,1,3,3,0,0,2,1,1
2324,0,1,0,3,1,1,2,1,1
2325,1,1,1,8,0,0,2,1,1
2326,1,1,1,10,1,1,2,1,1
2327,1,1,1,1,0,0,2,1,1
2328,1,1,3,2,0,0,2,0,0
2329,1,1,3,3,0,0,2,1,1
2330,1,1,3,3,1,1,2,2,2
2331,0,1,3,3,1,1,2,0,0
2332,1,0,0,10,4,0,2,0,0
2333,1,1,1,1,0,0,2,2,2
2334,0,1,1,3,1,1,2,1,1
2338,1,1,3,5,0,0,2,0,0
2339,1,1,3,3,1,1,2,0,0
2340,1,1,3,3,0,0,2,0,0
2341,1,1,3,3,0,0,2,1,1
2345,0,1,3,3,0,0,2,1,1
2346,0,1,1,3,0,0,2,1,1
2347,0,1,3,3,0,0,2,1,1
2348,0,1,0,3,1,1,2,1,1
2349,1,1,3,3,0,0,2,0,0
2350,0,1,0,3,5,1,2,2,2
2351,1,1,3,3,0,0,2,0,0
2352,1,0,0,3,0,0,2,0,0
2354,0,1,0,3,0,0,2,2,2
2355,0,1,0,3,0,0,2,2,2
2356,1,1,3,10,0,0,2,2,2
2357,0,1,0,3,1,1,2,2,2
2358,0,1,3,3,0,0,2,2,2
2359,0,1,0,3,0,1,2,2,2
2361,1,1,1,3,0,1,2,1,1
2362,1,1,0,3,1,1,2,1,1
2363,1,1,3,8,0,0,2,2,2
2364,0,1,0,3,1,1,2,1,1
2365,0,1,0,3,5,1,2,1,1
2366,1,1,3,10,1,1,2,0,0
2367,1,1,3,8,0,0,2,0,0
2368,0,1,3,3,0,1,2,1,1
2370,0,1,0,3,0,0,2,2,2
2371,1,1,3,3,0,0,2,1,1
2372,1,1,3,3,0,0,2,1,1
2373,1,1,0,3,0,0,2,1,1
2375,1,1,0,3,0,0,2,1,1
2376,1,1,3,3,0,0,2,2,2
2377,1,1,3,1,4,1,2,2,2
2379,1,1,1,1,0,0,2,1,1
2380,1,1,3,2,0,1,2,2,2
2381,0,1,1,10,1,0,2,1,1
2382,1,1,0,3,0,0,2,2,2
2383,0,1,0,3,0,0,2,1,1
2385,1,1,3,3,5,1,2,1,1
2387,1,1,0,1,0,0,2,2,2
2388,1,1,3,1,1,1,2,0,0
2389,1,1,1,10,0,1,2,0,0
2390,1,1,3,1,0,0,2,2,2
2391,1,1,3,1,0,0,2,2,2
2392,0,1,3,3,0,0,2,2,2
2393,1,1,3,1,0,0,2,1,1
2395,1,1,3,10,0,0,2,2,2
2396,1,1,3,3,0,0,2,0,0
2397,1,1,3,1,1,1,2,0,0
2398,1,1,1,10,0,0,2,2,2
2399,0,1,3,3,1,1,2,1,1
2400,0,1,3,3,1,1,2,1,1
2402,0,1,1,3,0,0,2,1,1
2403,1,1,3,5,0,0,2,2,2
2404,1,1,3,3,0,0,2,0,0
2405,1,1,3,3,5,1,2,2,2
2407,1,1,0,3,0,0,2,2,2
2408,0,1,0,3,0,0,2,2,2
2409,1,1,0,3,0,0,2,2,2
2411,1,1,0,5,0,0,2,2,2
2412,1,1,3,1,0,0,2,2,2
2413,1,1,1,3,0,0,2,1,1
2414,1,1,0,3,0,0,2,1,1
2415,0,1,3,3,1,1,2,1,1
2416,0,1,3,3,1,1,2,2,2
2417,1,1,0,10,1,1,2,2,2
2419,1,1,1,10,0,1,2,1,1
2420,0,1,0,3,0,0,2,1,1
2421,1,1,0,3,0,0,2,1,1
2422,0,1,0,3,0,0,2,1,1
2423,1,1,1,10,1,1,2,1,1
2425,0,1,0,3,5,1,2,1,1
2426,1,1,1,10,0,0,2,1,1
2428,0,1,0,3,0,1,2,2,2
2429,0,1,0,3,0,1,2,1,1
2430,1,1,3,2,0,0,2,2,2
2431,0,0,3,3,5,1,2,1,1
2432,0,1,3,3,1,1,2,2,2
2433,0,0,0,3,0,0,2,1,1
2434,0,0,0,3,0,0,2,1,1
2435,1,1,3,3,0,0,2,1,1
2436,0,1,1,3,0,1,2,1,1
2437,0,1,1,3,1,1,2,1,1
2439,1,1,1,3,0,0,2,2,2
2440,0,1,0,3,0,0,2,2,2
2441,1,0,1,3,0,0,2,1,1
2442,1,0,0,3,0,0,2,1,1
2443,1,1,1,8,0,0,2,0,0
2444,1,1,0,2,1,1,2,0,0
2445,0,1,3,3,1,1,2,2,2
2446,0,1,1,3,5,1,2,2,2
2447,0,1,3,3,0,0,2,0,0
2453,1,1,3,3,0,0,2,2,2
2454,0,1,3,3,0,0,2,2,2
2455,0,1,3,3,1,1,2,2,2
2456,1,1,1,3,0,0,2,0,0
2462,1,1,0,10,0,0,2,2,2
2463,1,1,3,10,0,0,2,0,0
2464,1,1,3,3,5,0,2,2,2
2466,0,1,3,3,1,1,2,1,1
2467,1,1,1,10,0,0,2,1,1
2468,1,1,3,3,1,1,2,1,1
2469,1,1,3,2,1,1,2,0,0
2470,1,1,3,8,0,0,2,1,1
2471,1,1,1,8,0,0,2,1,1
2472,1,1,0,3,5,1,2,1,1
2473,1,1,0,3,5,1,2,1,1
2474,0,1,3,3,0,0,2,2,2
2475,1,1,1,3,0,0,2,2,2
2476,1,1,3,10,0,0,2,0,0
2477,1,1,1,8,0,0,2,1,1
2478,1,1,3,1,0,1,2,2,2
2479,1,1,0,10,5,1,2,0,0
2480,0,1,3,3,0,0,2,2,2
2481,1,0,3,3,0,0,2,0,0
2482,1,1,3,3,0,0,2,0,0
2483,1,1,3,3,5,1,2,2,2
2484,1,1,3,3,0,0,2,2,2
2486,1,1,3,10,0,0,2,2,2
2487,1,1,3,3,0,0,2,2,2
2488,0,1,3,3,1,1,2,1,1
2490,1,1,1,3,1,1,2,1,1
2491,1,1,0,3,1,1,2,2,2
2493,1,1,1,8,0,0,2,2,2
2494,1,1,0,3,0,0,2,1,1
2497,1,1,3,5,1,1,2,2,2
2498,1,1,1,1,1,1,2,0,0
2499,0,1,0,3,0,0,2,1,1
2500,0,1,0,3,0,0,2,1,1
2501,1,1,0,3,0,0,2,1,1
2502,0,1,0,3,0,1,2,1,1
2503,1,1,1,1,0,0,2,0,0
2504,0,1,3,3,1,1,2,1,1
2505,1,1,3,1,0,0,2,1,1
2506,1,1,3,2,0,0,2,2,2
2508,1,1,1,3,0,0,2,0,0
2509,1,1,3,1,0,0,2,2,2
2510,1,1,3,1,1,1,2,2,2
2511,0,1,3,3,0,0,2,1,1
2512,1,1,3,10,1,1,2,2,2
2513,1,1,3,3,1,1,2,1,1
2514,1,1,3,3,1,1,2,1,1
2515,0,1,0,3,1,1,2,1,1
2516,1,1,3,3,0,0,2,1,1
2517,1,1,3,3,5,1,2,2,2
2518,1,1,1,1,4,1,2,0,0
2519,0,1,3,3,1,1,2,1,1
2520,1,1,3,3,1,1,2,2,2
2521,1,1,3,3,0,0,2,2,2
2522,1,1,3,3,0,0,2,2,2
2523,0,0,3,3,1,1,2,1,1
2524,1,1,1,1,1,1,2,0,0
2525,0,1,3,3,1,0,2,1,1
2526,0,1,0,3,0,0,2,2,2
2527,0,1,0,3,0,0,2,2,2
2528,0,1,0,3,0,0,2,2,2
2529,1,0,3,3,0,0,2,2,2
2530,1,1,3,3,0,0,2,1,1
2531,1,1,3,1,1,1,2,2,2
2535,1,1,1,2,0,0,2,0,0
2536,1,1,3,10,1,1,2,0,0
2537,1,1,3,10,0,0,2,0,0
2540,1,1,0,3,0,0,2,1,1
2541,1,1,0,3,5,1,2,2,2
2542,1,1,0,3,0,0,2,2,2
2543,1,1,1,1,1,1,2,0,0
2544,1,1,1,1,1,1,2,0,0
2545,1,1,0,3,0,0,2,1,1
2546,1,1,0,3,0,0,2,1,1
2547,1,1,3,10,0,0,2,0,0
2549,1,1,1,1,0,0,2,2,2
2550,1,1,3,3,0,0,2,1,1
2551,1,1,3,3,0,0,2,1,1
2552,1,1,4,3,0,0,2,1,1
2553,0,1,3,3,1,1,2,2,2
2554,1,1,1,3,0,0,2,2,2
2555,0,1,1,3,0,0,2,2,2
2556,0,1,3,3,0,0,2,0,0
2557,1,1,1,1,0,0,2,2,2
2558,1,1,0,3,0,0,2,2,2
2559,0,1,1,3,1,0,2,1,1
2560,0,1,3,3,1,1,2,1,1
2561,1,1,3,1,0,0,2,1,1
2562,1,1,3,10,1,1,2,2,2
2563,1,1,0,3,0,0,2,0,0
2564,1,1,3,10,1,1,2,0,0
2566,1,0,3,3,0,0,2,0,0
2567,0,1,1,3,0,0,2,2,2
2568,1,1,0,3,0,0,2,1,1
2569,0,1,0,3,0,0,2,1,1
2570,1,1,0,3,5,1,2,1,1
2571,1,1,0,3,5,1,2,2,2
2572,0,1,3,3,1,1,2,1,1
2573,1,1,4,1,0,0,2,1,1
2574,1,1,0,3,0,0,2,2,2
2575,1,1,0,3,0,0,2,2,2
2576,1,1,1,3,0,0,2,1,1
2577,1,1,1,3,0,0,2,1,1
2578,1,1,1,3,0,0,2,1,1
2580,0,1,3,3,0,0,2,1,1
2581,1,1,3,8,0,0,2,0,0
2582,1,0,3,6,0,0,2,1,1
2585,1,0,3,10,1,1,2,0,0
2586,1,1,3,3,5,0,2,1,1
2587,0,0,3,8,1,1,2,2,2
2588,1,1,3,8,1,1,2,2,2
2590,1,1,3,3,1,1,2,1,1
2591,1,1,3,8,0,0,2,2,2
2593,1,1,0,10,0,1,2,0,0
2594,1,1,3,10,0,1,2,0,0
2595,1,1,0,10,0,0,2,2,2
2597,1,1,0,3,5,1,2,1,1
2599,0,1,1,3,0,0,2,2,2
2600,1,1,3,1,3,1,2,2,2
2602,1,1,3,8,0,0,2,2,2
2603,1,1,0,1,0,0,2,0,0
2604,0,1,1,1,1,1,2,2,2
2605,1,1,3,3,0,0,2,1,1
2606,1,1,0,1,0,0,2,2,2
2607,0,1,3,3,1,0,2,1,1
2609,0,1,1,3,1,1,2,2,2
2610,1,0,3,8,0,1,2,2,2
2611,0,1,3,3,1,1,2,1,1
2612,1,1,3,1,0,0,2,0,0
2613,1,1,3,3,0,0,2,1,1
2614,1,1,3,1,0,0,2,0,0
2615,1,1,3,3,1,1,2,1,1
2616,1,1,0,8,0,0,2,2,2
2617,1,1,4,1,0,0,2,2,2
2618,1,1,4,1,0,0,2,1,1
2619,1,1,3,1,0,0,2,2,2
2620,0,1,3,3,1,1,2,2,2
2621,1,0,3,5,0,0,2,2,2
2622,1,1,0,10,0,0,2,2,2
2623,0,1,3,3,1,1,2,2,2
2624,0,1,3,3,0,0,2,2,2
2625,1,1,0,3,0,0,2,1,1
2626,1,1,0,5,0,0,2,1,1
2627,0,1,3,3,1,1,2,2,2
2629,1,1,0,5,0,0,2,1,1
2630,1,1,3,8,1,0,2,2,2
2631,1,1,1,3,5,1,2,1,1
2632,1,1,1,3,5,1,2,2,2
2633,1,0,3,3,5,1,2,2,2
2635,1,0,1,3,5,1,2,1,1
2636,0,1,1,3,0,0,2,1,1
2637,1,1,3,10,0,0,2,1,1
2638,1,1,3,1,0,0,2,0,0
2639,1,1,3,1,0,0,2,2,2
2640,1,1,1,3,5,1,2,1,1
2642,1,0,3,1,1,1,2,2,2
2643,1,1,3,1,1,1,2,0,0
2644,1,1,0,10,0,1,2,0,0
2647,0,1,3,3,1,1,2,1,1
2648,1,1,1,1,1,1,2,2,2
2649,1,1,1,3,0,0,2,1,1
2650,0,1,0,3,0,0,2,0,0
2651,0,1,0,3,0,0,2,2,2
2653,1,0,3,3,0,0,2,1,1
2654,1,1,0,3,0,0,2,2,2
2655,0,1,0,3,5,1,2,1,1
2656,1,1,3,3,0,1,2,1,1
2657,1,1,3,3,1,1,2,1,1
2658,1,1,1,3,0,0,2,1,1
2659,1,1,3,1,0,0,2,0,0
2660,1,0,0,8,0,0,2,0,0
2661,1,0,0,1,0,0,2,0,0
2664,1,1,3,3,0,0,2,1,1
2665,0,1,1,3,1,1,2,0,0
2666,0,1,1,3,1,1,2,1,1
2668,1,1,1,10,0,0,2,0,0
2669,0,1,3,3,1,1,2,1,1
2670,1,1,3,1,0,0,2,0,0
2671,0,1,1,3,0,0,2,1,1
2672,1,1,1,3,0,0,2,2,2
2673,1,1,1,1,0,0,2,2,2
2676,1,1,0,8,0,0,2,1,1
2677,0,1,3,3,0,1,2,1,1
2678,0,1,3,3,0,1,2,2,2
2679,1,1,0,3,0,0,2,2,2
2680,1,1,0,8,0,0,2,1,1
2681,0,1,0,3,0,0,2,2,2
2682,1,1,3,3,5,1,2,2,2
2683,1,1,3,3,1,1,2,1,1
2684,1,1,0,8,0,0,2,1,1
2685,1,1,1,10,0,0,2,0,0
2686,1,1,3,3,1,1,2,1,1
2687,1,1,1,1,0,0,2,1,1
2688,0,1,3,3,5,1,2,2,2
2689,0,1,0,3,0,0,2,1,1
2690,1,0,1,3,0,0,2,1,1
2691,1,1,1,3,5,1,2,2,2
2692,1,1,1,3,0,0,2,1,1
2693,1,1,0,1,0,0,2,1,1
2694,0,1,1,3,0,0,2,1,1
2695,1,1,0,3,0,0,2,2,2
2697,1,1,1,1,0,1,2,1,1
2698,1,1,3,10,0,0,2,2,2
2699,1,1,3,3,0,0,2,1,1
2700,1,1,4,5,0,0,2,1,1
2701,1,1,3,3,0,0,2,1,1
2702,1,1,4,1,0,0,2,2,2
2703,0,1,0,3,0,0,2,2,2
2704,1,1,4,3,0,0,2,1,1
2705,1,1,0,3,5,1,2,1,1
2706,1,1,1,10,4,1,2,0,0
2707,1,1,3,1,1,1,2,0,0
2709,0,1,1,3,11,1,2,0,0
2710,1,1,3,1,0,0,2,0,0
2711,1,1,1,1,0,0,2,1,1
2712,1,1,3,3,0,0,2,2,2
2713,1,1,3,3,0,0,2,2,2
2714,0,1,3,3,1,1,2,0,0
2715,0,1,0,3,1,1,2,0,0
2717,1,1,3,10,0,0,2,1,1
2719,1,1,1,3,0,0,2,1,1
2720,0,1,1,3,5,1,2,2,2
2721,1,1,3,3,0,0,2,0,0
2722,1,1,1,3,5,1,2,1,1
2723,0,1,0,3,1,1,2,1,1
2724,1,1,1,3,0,0,2,2,2
2725,0,1,0,3,0,0,2,1,1
2727,1,1,3,1,1,1,2,2,2
2728,1,1,0,1,0,1,2,0,0
2729,1,1,3,3,1,0,2,2,2
2730,1,1,3,1,1,1,2,0,0
2731,0,1,0,3,0,0,2,1,1
2732,0,1,1,3,0,0,2,2,2
2737,1,1,3,3,0,0,2,0,0
2738,1,1,3,6,0,0,2,0,0
2739,1,0,3,10,0,0,2,1,1
2740,1,0,3,10,0,0,2,0,0
2741,1,1,3,10,0,0,2,0,0
2742,1,1,0,10,0,0,2,0,0
2743,1,0,3,3,0,0,2,1,1
2744,1,1,4,1,0,0,2,2,2
2745,0,1,3,3,0,0,2,0,0
2746,1,1,3,3,0,0,2,1,1
2747,1,1,3,3,0,0,2,1,1
2748,1,1,3,1,0,0,2,0,0
2749,1,0,1,3,0,0,2,1,1
2750,1,1,3,1,0,0,2,2,2
2751,1,1,3,10,0,0,2,2,2
2753,1,0,3,3,5,1,2,1,1
2754,1,1,3,3,5,1,2,1,1
2755,1,0,1,3,0,0,2,1,1
2756,1,1,0,3,0,0,2,1,1
2758,1,1,3,3,0,0,2,2,2
2759,1,1,3,3,0,0,2,1,1
2760,1,1,0,3,1,1,2,1,1
2761,0,1,3,3,1,1,2,1,1
2762,1,1,3,10,1,1,2,0,0
2765,1,1,3,10,1,1,2,0,0
2766,1,1,0,3,5,1,2,2,2
2767,1,0,3,10,1,1,2,2,2
2768,1,1,3,10,1,1,2,1,1
2769,0,1,3,3,0,0,2,0,0
2770,1,1,3,10,0,0,2,1,1
2771,1,1,1,3,0,0,2,2,2
2772,1,1,1,3,0,0,2,2,2
2773,1,1,3,3,0,1,2,1,1
2774,1,1,0,3,5,1,2,1,1
2775,1,1,0,3,5,0,2,1,1
2776,0,1,1,10,0,1,2,2,2
2777,1,1,3,8,0,0,2,1,1
2779,1,0,1,3,0,0,2,2,2
2780,1,1,3,1,1,1,2,0,0
2781,1,1,3,1,1,1,2,0,0
2783,1,1,0,3,5,0,2,2,2
2784,1,1,1,3,0,0,2,0,0
2785,1,1,0,3,0,0,2,1,1
2787,1,1,0,3,0,0,2,1,1
2788,0,1,0,3,0,0,2,1,1
2789,0,1,0,3,1,1,2,1,1
2790,0,1,0,3,0,0,2,1,1
2793,1,1,1,1,0,0,2,1,1
2794,1,1,1,10,0,1,2,1,1
2796,1,1,0,3,0,0,2,2,2
2797,0,1,0,3,0,0,2,2,2
2798,1,1,3,3,5,1,2,1,1
2799,0,1,1,3,1,0,2,1,1
2800,1,1,3,10,0,0,2,2,2
2801,1,1,0,8,0,0,2,0,0
2802,1,0,3,10,1,1,2,2,2
2803,1,1,3,1,0,1,2,0,0
2804,1,1,3,1,1,1,2,0,0
2805,1,1,3,8,0,0,2,0,0
2806,1,1,3,10,0,1,2,0,0
2807,1,1,3,3,1,1,2,1,1
2808,1,1,1,3,0,0,2,1,1
2809,1,1,3,10,0,0,2,2,2
2810,1,1,3,1,0,0,2,0,0
2811,1,1,3,1,0,0,2,0,0
2812,1,1,3,1,0,1,2,0,0
2813,1,1,3,1,1,1,2,2,2
2814,0,1,0,3,0,0,2,1,1
2815,1,1,1,3,0,0,2,2,2
2816,1,1,3,1,0,1,2,2,2
2818,0,1,1,3,1,1,2,1,1
2819,1,1,1,10,1,1,2,0,0
2821,1,1,3,1,0,0,2,0,0
2822,1,1,0,3,0,0,2,1,1
2823,0,1,0,3,0,0,2,1,1
2824,1,1,3,8,0,0,2,2,2
2825,1,1,1,8,0,0,2,1,1
2826,0,1,0,3,1,1,2,0,0
2827,0,1,3,3,0,0,2,1,1
2828,0,1,3,3,0,0,2,1,1
2829,0,1,0,3,1,1,2,0,0
2830,0,1,1,3,1,1,2,2,2
2831,0,1,0,3,0,0,2,2,2
2832,0,1,0,3,11,1,2,1,1
2833,0,1,1,3,0,0,2,1,1
2835,0,1,0,3,0,0,2,2,2
2836,1,1,1,3,0,0,2,2,2
2837,1,1,0,3,1,1,2,2,2
2838,1,1,3,1,0,0,2,0,0
2839,1,0,3,8,1,1,2,2,2
2840,1,1,1,10,0,0,2,0,0
2841,1,0,3,8,0,0,2,2,2
2842,0,1,0,3,0,0,2,2,2
2843,1,1,0,3,0,0,2,2,2
2844,1,1,3,1,0,0,2,2,2
2846,1,1,0,3,1,1,2,1,1
2847,0,1,3,3,0,0,2,2,2
2848,1,1,0,8,0,0,2,1,1
2849,1,1,0,8,0,0,2,1,1
2850,1,1,0,8,0,0,2,1,1
2851,0,1,0,3,1,1,2,1,1
2852,0,1,0,3,1,1,2,0,0
2853,0,1,0,3,1,1,2,1,1
2856,1,0,3,3,0,1,2,1,1
2857,0,1,3,3,11,1,2,1,1
2858,0,1,3,3,0,0,2,1,1
2859,1,1,3,3,3,1,2,2,2
2860,0,1,3,3,0,0,2,2,2
2861,1,1,1,3,0,0,2,1,1
2863,1,1,3,1,0,0,2,0,0
2864,0,1,0,3,1,1,2,1,1
2865,0,1,1,3,1,1,2,1,1
2867,1,1,3,1,0,0,2,2,2
2868,1,1,1,1,0,0,2,2,2
2869,0,1,3,1,0,0,2,2,2
2870,0,1,0,3,0,1,2,1,1
2871,1,1,3,1,0,0,2,2,2
2872,0,1,3,3,0,0,2,0,0
2874,1,1,3,3,1,1,2,1,1
2875,1,1,1,3,5,1,2,1,1
2876,1,1,3,3,5,1,2,1,1
2877,0,1,3,3,11,1,2,1,1
2878,1,1,1,3,0,0,2,1,1
2879,1,1,1,3,0,0,2,1,1
2880,1,1,0,3,1,1,2,2,2
2881,0,1,3,3,1,1,2,1,1
2882,1,1,3,3,0,0,2,2,2
2883,1,1,3,3,0,0,2,2,2
2884,1,1,3,1,1,1,2,0,0
2885,1,1,1,3,5,1,2,1,1
2887,0,1,0,3,0,1,2,1,1
2888,1,1,3,3,0,0,2,1,1
2889,0,1,3,3,1,1,2,1,1
2890,0,1,3,3,1,1,2,2,2
2891,1,1,1,3,5,1,2,2,2
2892,1,1,1,3,1,1,2,2,2
2895,1,1,3,3,5,1,2,1,1
2896,0,1,1,3,0,0,2,1,1
2897,0,0,3,3,0,0,2,0,0
2898,0,1,1,3,5,1,2,1,1
2899,1,1,3,1,0,0,2,0,0
2900,1,1,3,1,1,0,2,0,0
2901,0,1,3,3,1,1,2,0,0
2902,1,1,3,3,0,0,2,2,2
2903,1,1,3,3,4,1,2,0,0
2904,0,1,3,8,1,1,2,1,1
2905,0,1,0,3,1,0,2,1,1
2906,1,1,4,3,0,0,2,2,2
2907,0,1,3,3,1,1,2,2,2
2908,1,1,3,8,0,0,2,2,2
2909,1,1,3,3,0,0,2,0,0
2910,0,1,3,3,0,0,2,2,2
2911,1,1,3,1,0,0,2,0,0
2912,1,1,0,10,1,1,2,1,1
2913,1,1,0,3,0,0,2,0,0
2914,1,1,3,10,0,1,2,1,1
2915,1,1,3,1,0,0,2,0,0
2916,1,0,3,3,0,0,2,2,2
2917,1,0,3,3,0,0,2,2,2
2918,0,1,4,3,1,1,2,0,0
2919,1,1,1,3,0,0,2,2,2
2920,0,1,1,3,1,1,2,0,0
2921,0,1,1,3,1,1,2,2,2
2922,1,1,3,1,0,1,2,2,2
2923,1,0,3,1,0,0,2,1,1
2924,1,1,3,1,0,0,2,0,0
2927,1,1,3,3,0,0,2,1,1
2928,1,0,3,3,0,1,2,2,2
2929,0,1,3,3,5,1,2,0,0
2930,0,1,0,5,0,0,2,1,1
2931,1,1,3,5,1,1,2,1,1
2932,0,1,3,3,0,0,2,2,2
2933,1,1,1,1,4,0,2,0,0
2934,1,1,3,1,0,0,2,2,2
2935,0,1,3,3,1,1,2,2,2
2936,1,1,1,3,0,0,2,1,1
2937,1,1,3,3,0,0,2,1,1
2938,1,1,0,10,0,0,2,0,0
2939,0,1,3,3,1,1,2,2,2
2940,0,1,3,1,0,1,2,2,2
2941,1,1,3,3,0,0,2,2,2
2943,1,1,1,1,0,0,2,2,2
2944,1,0,3,3,5,1,2,2,2
2946,1,0,1,10,4,0,2,2,2
2947,1,0,3,10,4,0,2,0,0
2951,1,1,1,3,5,0,2,2,2
2952,1,1,3,10,1,1,2,0,0
2953,1,1,3,3,1,0,2,2,2
2955,1,1,3,3,0,0,2,1,1
2956,0,1,1,1,0,1,2,2,2
2957,1,0,3,1,1,1,2,0,0
2958,1,1,3,10,1,1,2,0,0
2959,1,0,1,1,0,0,2,2,2
2960,1,1,3,10,1,1,2,2,2
2961,1,1,0,3,0,0,2,1,1
2962,0,1,0,3,0,0,2,1,1
2963,1,1,0,3,0,1,2,1,1
2965,0,1,3,3,0,0,2,1,1
2966,1,1,4,3,0,0,2,1,1
2968,1,1,3,3,5,1,2,1,1
2969,1,1,3,1,0,0,2,1,1
2970,1,1,3,1,1,1,2,1,1
2972,0,1,3,3,1,1,2,2,2
2973,1,1,1,1,0,0,2,0,0
2974,0,1,0,3,0,0,2,2,2
2975,0,1,0,3,0,0,2,2,2
2976,0,1,0,3,0,0,2,0,0
2977,0,1,0,3,1,1,2,0,0
2978,1,0,3,1,1,1,2,0,0
2979,1,1,3,3,0,0,2,2,2
2980,1,1,3,3,0,0,2,1,1
2981,1,1,3,3,0,0,2,1,1
2982,1,0,3,8,0,0,2,1,1
2983,1,1,0,3,4,1,2,1,1
2987,1,1,1,1,1,1,2,1,1
2989,1,1,1,1,1,1,2,2,2
2990,1,1,1,1,1,0,2,1,1
2991,1,1,3,3,4,1,2,2,2
2992,1,1,1,3,0,0,2,1,1
2993,0,1,1,3,1,1,2,1,1
2994,0,0,3,3,0,0,2,1,1
2995,0,1,3,3,0,0,2,2,2
2996,0,1,1,3,0,0,2,2,2
2997,1,1,1,3,0,0,2,1,1
2998,1,1,1,3,0,0,2,1,1
2999,1,1,1,3,0,0,2,1,1
3002,0,1,1,1,0,0,2,1,1
3004,0,1,3,3,1,1,2,1,1
3007,1,0,3,10,4,0,3,0,0
3008,1,1,0,3,0,0,3,2,2
3009,1,1,0,3,0,0,3,1,1
3010,1,0,0,3,0,0,3,1,1
3013,1,1,0,3,0,0,3,1,1
3014,0,1,3,3,5,1,3,1,1
3015,0,1,3,8,1,1,3,1,1
3016,0,1,3,8,1,1,3,1,1
3017,1,1,3,5,0,0,3,1,1
3018,1,1,3,10,0,0,3,1,1
3019,1,1,1,3,0,0,3,1,1
3021,0,1,1,3,0,0,3,2,2
3022,1,1,3,1,0,0,3,0,0
3023,1,1,3,3,11,1,3,2,2
3024,1,1,3,3,11,0,3,2,2
3025,1,1,3,3,5,1,3,2,2
3026,0,1,3,3,1,1,3,2,2
3027,1,1,3,1,0,0,3,0,0
3028,1,1,1,8,0,0,3,0,0
3029,0,1,3,3,1,1,3,1,1
3030,0,1,3,3,1,1,3,2,2
3031,1,1,0,3,0,0,3,1,1
3032,1,1,0,3,3,1,3,1,1
3033,1,1,3,1,0,0,3,0,0
3034,1,1,0,1,0,0,3,2,2
3035,0,1,3,3,0,0,3,2,2
3036,1,1,3,3,0,0,3,2,2
3037,0,1,3,3,1,1,3,0,0
3038,1,1,0,1,1,1,3,2,2
3039,1,1,1,10,0,0,3,1,1
3040,1,1,0,3,5,1,3,1,1
3041,1,1,0,10,0,0,3,0,0
3043,0,1,3,3,1,1,3,1,1
3044,1,1,0,3,1,1,3,1,1
3045,1,1,0,3,1,1,3,1,1
3046,1,1,2,10,1,1,3,1,1
3047,0,1,0,3,0,0,3,1,1
3049,1,1,1,3,0,0,3,0,0
3050,0,1,0,3,0,0,3,1,1
3051,1,1,1,8,0,0,3,0,0
3052,0,1,3,3,1,1,3,1,1
3053,1,1,1,8,0,0,3,1,1
3054,1,1,3,8,0,0,3,0,0
3055,0,1,3,8,0,1,3,2,2
3057,1,0,3,8,0,1,3,2,2
3058,1,1,1,1,0,1,3,1,1
3059,1,1,1,1,0,1,3,2,2
3061,1,1,0,1,0,0,3,0,0
3062,0,1,1,3,1,1,3,2,2
3063,1,1,4,10,0,0,3,1,1
3064,1,0,1,3,0,0,3,2,2
3065,1,1,3,8,0,0,3,2,2
3066,0,1,1,3,5,1,3,2,2
3067,1,1,1,8,0,1,3,0,0
3069,0,1,0,3,0,0,3,2,2
3070,1,1,0,3,0,0,3,1,1
3072,1,1,0,10,1,0,3,2,2
3073,1,0,3,10,0,0,3,2,2
3074,1,1,3,10,0,0,3,2,2
3075,0,1,1,3,1,1,3,2,2
3076,1,1,1,10,0,0,3,0,0
3077,1,0,3,3,0,0,3,1,1
3078,0,1,3,8,0,0,3,1,1
3079,0,1,3,3,0,0,3,1,1
3080,0,1,0,3,0,1,3,1,1
3081,0,1,0,3,1,1,3,1,1
3082,0,1,3,3,1,1,3,2,2
3083,1,1,3,3,5,1,3,2,2
3084,0,1,3,3,1,1,3,1,1
3085,1,1,3,3,0,0,3,0,0
3086,1,1,3,3,0,0,3,0,0
3087,1,1,3,3,5,1,3,1,1
3089,0,1,1,9,0,1,3,2,2
3090,0,1,3,3,0,0,3,0,0
3091,0,1,4,3,0,0,3,1,1
3092,1,1,3,3,0,0,3,1,1
3093,1,1,0,3,0,0,3,1,1
3094,1,0,0,3,0,0,3,1,1
3095,1,0,2,3,0,0,3,1,1
3096,1,1,1,3,5,1,3,0,0
3097,1,1,3,10,0,0,3,0,0
3098,1,1,1,3,0,0,3,1,1
3099,0,1,1,3,1,1,3,1,1
3100,0,1,0,3,0,0,3,1,1
3101,1,1,0,1,0,0,3,0,0
3102,1,1,0,3,1,1,3,1,1
3103,1,1,0,3,0,0,3,1,1
3104,1,1,0,3,0,0,3,1,1
3105,1,1,0,3,0,0,3,2,2
3106,1,1,3,10,0,0,3,2,2
3107,1,1,3,3,0,0,3,2,2
3108,1,0,3,10,0,0,3,0,0
3109,0,1,3,10,1,0,3,2,2
3110,1,1,3,1,0,0,3,2,2
3111,0,1,0,3,0,0,3,0,0
3112,1,1,3,1,0,0,3,0,0
3113,1,0,3,1,0,0,3,2,2
3114,1,0,3,1,0,0,3,1,1
3115,1,1,0,3,5,1,3,2,2
3116,0,1,0,3,0,0,3,1,1
3117,0,1,3,3,1,1,3,2,2
3118,1,1,0,1,1,0,3,1,1
3119,1,1,3,3,0,0,3,2,2
3120,1,1,0,3,0,0,3,2,2
3121,1,1,1,3,1,1,3,2,2
3122,0,1,3,10,1,0,3,2,2
3124,0,1,0,3,0,0,3,1,1
3125,1,1,1,3,0,0,3,1,1
3126,0,1,1,3,0,0,3,2,2
3128,1,1,3,1,1,0,3,1,1
3129,0,1,3,3,1,1,3,2,2
3130,0,1,3,1,1,0,3,2,2
3133,1,0,3,1,0,0,3,1,1
3134,1,0,3,1,0,0,3,2,2
3135,0,0,3,3,0,0,3,1,1
3136,1,0,3,3,5,1,3,1,1
3137,1,0,3,3,0,0,3,1,1
3138,1,1,3,5,0,1,3,0,0
3139,1,1,1,10,1,1,3,0,0
3141,1,1,3,1,1,0,3,1,1
3142,0,1,3,10,0,0,3,1,1
3143,0,1,3,3,1,1,3,2,2
3144,0,1,1,3,5,1,3,2,2
3145,1,1,3,3,0,1,3,0,0
3146,0,1,3,3,5,1,3,2,2
3147,1,1,0,3,0,0,3,0,0
3148,1,1,3,3,0,0,3,0,0
3149,0,1,3,3,0,0,3,2,2
3150,1,1,1,1,0,1,3,0,0
3151,1,1,1,1,1,1,3,0,0
3152,1,1,3,8,0,0,3,0,0
3153,0,1,2,3,0,0,3,0,0
3154,1,1,3,3,0,0,3,1,1
3155,1,1,1,3,1,0,3,2,2
3156,1,1,1,10,0,1,3,0,0
3157,0,1,1,5,0,0,3,1,1
3158,1,1,1,5,0,0,3,1,1
3160,1,1,1,8,1,1,3,0,0
3161,1,1,3,3,0,0,3,1,1
3162,1,1,1,3,1,1,3,1,1
3165,1,1,3,10,0,0,3,2,2
3166,1,1,0,3,0,0,3,2,2
3167,0,1,0,3,0,0,3,2,2
3168,1,1,0,5,0,0,3,1,1
3169,1,1,0,5,0,0,3,1,1
3170,1,1,0,5,0,0,3,1,1
3171,0,1,0,1,1,0,3,1,1
3172,1,1,3,3,0,0,3,1,1
3173,0,1,3,3,5,1,3,1,1
3174,0,1,3,5,3,1,3,1,1
3175,1,1,3,5,0,0,3,1,1
3176,1,1,3,1,1,0,3,2,2
3177,1,1,0,5,1,0,3,1,1
3178,0,1,3,3,1,1,3,1,1
3179,1,1,0,8,0,0,3,0,0
3180,1,1,3,3,0,0,3,1,1
3181,1,0,3,3,0,0,3,1,1
3182,1,1,1,8,0,1,3,0,0
3183,0,1,3,3,1,1,3,1,1
3184,0,1,3,3,5,1,3,0,0
3185,0,1,3,3,1,1,3,1,1
3186,1,1,0,3,0,0,3,2,2
3187,1,1,0,3,0,0,3,1,1
3188,1,1,0,3,0,0,3,1,1
3189,0,1,1,3,1,0,3,2,2
3190,1,1,3,1,1,1,3,2,2
3191,0,1,3,3,1,1,3,1,1
3192,1,1,1,3,0,0,3,2,2
3193,1,0,3,1,0,0,3,2,2
3194,0,1,0,3,0,0,3,1,1
3195,0,1,1,1,0,0,3,2,2
3196,1,1,0,3,0,0,3,2,2
3197,0,1,1,3,0,0,3,0,0
3198,0,1,3,3,5,1,3,2,2
3199,0,1,1,3,0,0,3,1,1
3200,1,1,3,8,0,0,3,2,2
3202,1,1,0,8,0,0,3,2,2
3203,1,1,1,3,0,1,3,1,1
3207,0,0,1,10,1,1,3,1,1
3208,0,1,0,8,0,0,3,0,0
3209,0,1,0,8,0,1,3,2,2
3210,1,1,1,3,0,0,3,1,1
3211,1,1,3,10,3,0,3,0,0
3212,1,1,3,1,1,0,3,2,2
3213,0,1,0,3,1,0,3,0,0
3214,1,1,3,1,0,0,3,0,0
3215,1,1,3,1,1,1,3,2,2
3216,0,1,3,3,1,1,3,2,2
3217,0,1,1,3,0,0,3,1,1
3218,1,1,0,3,0,0,3,1,1
3222,1,1,3,1,0,0,3,1,1
3223,1,1,3,10,11,0,3,0,0
3224,1,1,3,10,0,0,3,0,0
3225,0,1,3,1,0,0,3,1,1
3226,1,1,0,3,0,0,3,2,2
3227,0,1,0,5,1,1,3,2,2
3228,1,1,0,3,0,0,3,2,2
3229,0,1,2,3,0,1,3,1,1
3230,1,1,1,3,0,0,3,0,0
3231,0,1,3,3,0,0,3,2,2
3232,1,1,1,10,0,0,3,2,2
3233,1,1,1,3,0,0,3,0,0
3234,1,1,1,3,0,1,3,2,2
3235,0,1,3,3,0,0,3,1,1
3236,0,1,3,3,1,1,3,2,2
3237,1,1,0,3,0,0,3,2,2
3238,1,1,3,10,0,0,3,0,0
3239,1,1,0,3,1,1,3,2,2
3240,0,1,1,3,1,1,3,1,1
3241,1,1,1,6,0,0,3,1,1
3242,0,1,0,3,4,1,3,1,1
3243,0,1,0,3,1,1,3,1,1
3244,1,1,1,3,0,0,3,0,0
3245,1,1,1,3,0,0,3,1,1
3246,1,1,3,1,0,0,3,0,0
3247,1,1,1,3,0,0,3,2,2
3248,1,1,1,3,1,1,3,1,1
3249,1,1,0,3,1,1,3,1,1
3250,0,1,3,3,1,1,3,0,0
3251,1,1,3,1,0,0,3,0,0
3252,1,1,3,1,0,0,3,2,2
3253,1,1,3,10,0,0,3,2,2
3254,1,1,3,10,0,0,3,2,2
3255,1,1,1,3,5,1,3,1,1
3256,1,1,2,1,0,0,3,0,0
3257,1,1,3,3,0,0,3,1,1
3258,1,1,3,8,0,0,3,1,1
3259,1,1,3,10,0,1,3,1,1
3260,1,1,3,1,1,1,3,2,2
3261,1,0,3,3,1,1,3,0,0
3262,0,1,1,3,11,1,3,1,1
3263,0,1,1,3,0,0,3,1,1
3264,1,1,3,1,1,1,3,0,0
3266,1,1,1,8,0,0,3,1,1
3267,1,1,3,8,0,0,3,1,1
3269,0,1,1,8,0,0,3,1,1
3271,0,1,2,3,0,0,3,2,2
3272,1,1,3,1,0,0,3,2,2
3273,1,0,3,1,0,0,3,2,2
3274,1,0,3,1,0,0,3,2,2
3275,0,1,0,3,0,0,3,1,1
3276,1,1,3,1,0,0,3,2,2
3278,1,0,0,3,5,1,3,2,2
3279,1,0,0,3,0,0,3,1,1
3280,1,1,0,3,0,0,3,1,1
3281,0,1,2,3,0,0,3,1,1
3283,1,1,1,3,1,1,3,2,2
3285,0,1,3,3,1,1,3,1,1
3286,1,0,2,3,0,1,3,1,1
3288,0,1,0,3,1,1,3,1,1
3289,1,1,0,3,5,1,3,1,1
3290,1,0,3,10,4,1,3,2,2
3291,0,1,0,3,0,0,3,2,2
3292,0,1,1,3,1,0,3,2,2
3294,0,1,3,3,1,1,3,1,1
3296,0,1,0,8,0,1,3,0,0
3297,0,1,3,3,1,1,3,2,2
3298,0,1,0,3,0,0,3,2,2
3299,0,1,1,3,1,1,3,1,1
3300,1,0,3,3,0,0,3,1,1
3301,1,1,1,10,4,0,3,1,1
3302,1,1,3,10,0,0,3,1,1
3303,0,1,3,3,1,1,3,2,2
3304,0,1,1,3,0,1,3,1,1
3305,0,1,1,3,0,0,3,2,2
3306,0,1,2,3,0,0,3,1,1
3308,1,1,3,3,0,0,3,0,0
3310,1,1,3,1,0,0,3,2,2
3311,0,1,1,3,1,1,3,1,1
3312,0,1,0,3,1,1,3,1,1
3313,1,1,1,3,0,0,3,1,1
3314,0,1,0,3,1,1,3,0,0
3316,0,1,3,3,0,0,3,0,0
3317,1,1,0,1,0,0,3,1,1
3319,0,1,0,3,1,1,3,2,2
3320,1,1,3,10,1,1,3,0,0
3321,1,1,3,10,1,1,3,2,2
3322,1,1,3,10,0,0,3,0,0
3324,1,1,3,1,0,1,3,1,1
3325,1,1,3,1,1,1,3,0,0
3326,1,0,3,1,1,1,3,0,0
3327,1,0,0,10,1,0,3,0,0
3328,1,1,3,8,1,1,3,2,2
3329,0,1,1,3,0,1,3,1,1
3330,0,1,3,3,1,1,3,1,1
3331,0,1,3,3,1,1,3,1,1
3333,1,1,1,3,0,0,3,2,2
3334,1,1,3,3,0,0,3,1,1
3335,1,1,3,3,0,0,3,1,1
3336,1,1,3,3,1,1,3,2,2
3337,0,1,3,3,0,0,3,1,1
3338,1,1,3,3,1,1,3,2,2
3339,1,0,3,10,1,0,3,0,0
3340,1,1,0,3,0,0,3,1,1
3341,1,1,3,10,4,0,3,1,1
3342,0,1,0,3,0,0,3,1,1
3343,0,1,0,3,0,0,3,2,2
3345,0,0,1,3,0,0,3,2,2
3346,1,1,0,3,0,0,3,1,1
3347,1,1,0,3,0,0,3,1,1
3348,1,1,2,3,0,0,3,1,1
3349,1,1,3,3,0,0,3,2,2
3350,0,1,3,6,0,0,3,2,2
3351,0,1,0,3,1,1,3,2,2
3352,1,1,3,10,1,1,3,2,2
3353,1,1,3,3,0,0,3,2,2
3354,1,1,3,3,0,0,3,2,2
3355,1,0,3,1,11,0,3,2,2
3356,0,1,3,3,0,1,3,1,1
3357,1,1,3,1,0,0,3,0,0
3359,0,1,0,3,0,0,3,1,1
3360,0,1,3,3,0,1,3,2,2
3361,0,1,1,3,5,1,3,2,2
3362,1,1,3,10,0,0,3,2,2
3363,1,1,3,10,0,0,3,1,1
3365,1,1,0,3,0,0,3,1,1
3366,1,1,1,1,0,0,3,0,0
3368,0,1,0,3,0,0,3,1,1
3370,1,1,3,8,0,0,3,2,2
3371,0,1,0,3,0,0,3,1,1
3376,1,1,3,10,4,1,3,1,1
3377,1,1,3,10,0,0,3,1,1
3378,0,1,3,3,1,1,3,0,0
3379,0,1,3,3,0,0,3,1,1
3380,1,1,3,1,0,0,3,2,2
3381,1,0,1,1,0,0,3,0,0
3384,1,0,3,3,1,1,3,2,2
3385,0,1,3,3,5,1,3,0,0
3386,0,1,1,8,1,1,3,2,2
3387,0,1,3,3,0,0,3,1,1
3388,0,1,3,3,1,1,3,1,1
3389,1,1,1,10,1,1,3,0,0
3390,1,1,2,10,1,1,3,2,2
3391,0,1,3,3,1,1,3,2,2
3392,0,1,0,3,1,1,3,1,1
3393,1,1,3,8,0,0,3,2,2
3394,1,1,3,10,0,0,3,2,2
3395,1,1,3,8,0,0,3,2,2
3396,1,1,3,8,0,0,3,1,1
3397,0,1,3,3,1,1,3,2,2
3398,1,1,0,8,0,0,3,1,1
3399,1,0,3,1,1,1,3,0,0
3400,0,1,3,3,0,0,3,1,1
3401,1,1,3,1,1,1,3,0,0
3402,1,1,0,3,0,0,3,1,1
3404,0,1,4,8,0,0,3,1,1
3405,1,1,1,3,0,0,3,1,1
3406,0,1,1,3,0,0,3,1,1
3407,0,1,1,8,0,0,3,1,1
3408,1,1,3,3,5,1,3,0,0
3409,1,1,0,3,0,0,3,2,2
3410,1,1,1,1,0,0,3,0,0
3411,0,1,0,3,0,0,3,1,1
3412,1,1,3,1,0,0,3,0,0
3413,1,1,3,10,0,1,3,0,0
3414,1,1,3,3,0,0,3,0,0
3415,1,1,3,1,1,0,3,2,2
3416,1,1,3,5,0,0,3,0,0
3418,1,1,3,8,0,0,3,0,0
3419,0,1,1,3,0,0,3,0,0
3420,1,1,3,3,0,1,3,1,1
3421,0,1,3,3,0,1,3,2,2
3423,0,1,1,3,0,0,3,0,0
3424,1,1,3,1,0,0,3,1,1
3425,1,1,0,3,0,0,3,2,2
3426,0,1,2,3,0,0,3,2,2
3427,0,1,3,3,1,1,3,0,0
3428,1,1,3,10,0,0,3,1,1
3429,1,1,3,1,0,1,3,2,2
3430,0,1,3,3,1,1,3,2,2
3431,1,1,0,1,0,1,3,2,2
3432,1,1,3,10,0,0,3,0,0
3433,0,1,0,3,1,1,3,1,1
3434,1,1,0,3,1,0,3,1,1
3436,0,1,4,8,0,0,3,1,1
3437,0,1,3,5,0,0,3,1,1
3439,1,1,1,1,0,0,3,1,1
3441,0,1,3,3,11,1,3,0,0
3442,0,1,0,3,0,1,3,0,0
3443,1,1,3,1,0,0,3,2,2
3444,1,1,2,10,4,0,3,0,0
3445,0,1,3,1,0,0,3,0,0
3446,1,1,2,1,0,0,3,0,0
3447,1,0,3,1,0,0,3,0,0
3448,1,1,3,10,1,1,3,0,0
3449,0,0,3,3,0,0,3,1,1
3450,0,1,3,3,1,1,3,0,0
3451,0,1,0,3,0,0,3,2,2
3452,0,1,3,3,0,0,3,1,1
3453,1,1,0,3,0,0,3,2,2
3454,1,1,3,3,1,0,3,1,1
3455,0,1,0,1,1,1,3,0,0
3456,1,0,3,1,1,1,3,0,0
3457,1,1,1,8,1,0,3,2,2
3458,1,1,0,6,0,0,3,2,2
3459,1,1,3,10,0,1,3,2,2
3460,1,1,2,1,0,0,3,2,2
3461,0,1,0,3,0,0,3,2,2
3462,0,1,0,3,0,0,3,2,2
3463,0,1,0,3,0,0,3,2,2
3464,1,1,3,1,0,0,3,2,2
3465,0,1,3,1,0,1,3,2,2
3466,0,1,3,3,1,1,3,2,2
3467,1,1,3,1,0,0,3,0,0
3468,0,1,0,3,0,0,3,1,1
3469,0,1,2,3,0,0,3,1,1
3470,1,1,0,3,0,0,3,1,1
3471,1,1,3,1,1,1,3,1,1
3472,1,1,3,10,1,1,3,0,0
3473,1,1,1,8,1,1,3,2,2
3474,1,1,2,10,1,1,3,2,2
3475,0,1,3,10,1,1,3,1,1
3476,0,1,3,1,1,1,3,2,2
3477,0,1,3,1,1,1,3,1,1
3479,1,1,1,8,0,0,3,0,0
3481,1,1,1,8,0,0,3,0,0
3483,1,1,1,5,0,0,3,1,1
3484,1,1,3,1,1,1,3,1,1
3485,0,1,0,3,0,0,3,2,2
3487,1,1,1,8,1,1,3,2,2
3489,1,1,3,3,0,0,3,1,1
3490,1,0,3,8,0,0,3,2,2
3491,0,1,0,3,0,0,3,1,1
3492,1,1,3,1,0,0,3,0,0
3493,1,1,3,1,0,0,3,0,0
3494,1,1,1,6,0,0,3,0,0
3495,0,1,3,5,1,1,3,1,1
3496,1,1,3,1,0,1,3,1,1
3501,1,1,3,10,0,0,3,0,0
3502,1,1,3,10,0,0,3,0,0
3505,1,1,3,8,0,1,3,0,0
3507,0,1,0,3,0,0,3,1,1
3508,1,1,0,3,0,0,3,1,1
3512,1,1,3,10,0,1,3,2,2
3513,1,1,3,10,1,1,3,1,1
3514,0,1,3,3,0,0,3,1,1
3518,1,1,1,3,0,0,3,2,2
3519,1,1,3,3,1,1,3,2,2
3520,1,0,3,5,1,0,3,1,1
3521,0,1,3,3,0,0,3,2,2
3522,1,1,3,1,0,0,3,0,0
3523,1,1,3,3,1,1,3,2,2
3524,1,0,3,1,1,1,3,0,0
3525,1,0,3,1,1,1,3,0,0
3526,1,0,3,1,1,1,3,0,0
3527,1,0,3,1,1,1,3,2,2
3528,1,1,0,3,0,0,3,0,0
3530,1,1,3,3,0,0,3,2,2
3531,1,1,3,3,0,0,3,2,2
3532,0,1,3,3,0,0,3,1,1
3533,1,1,3,1,0,1,3,1,1
3534,1,1,3,1,0,0,3,1,1
3535,1,1,3,8,0,0,3,0,0
3536,0,1,3,3,1,1,3,0,0
3537,1,1,3,1,0,1,3,2,2
3540,1,1,3,3,0,0,3,2,2
3543,0,1,3,3,1,1,3,1,1
3545,1,1,3,1,0,0,3,1,1
3546,1,1,3,1,0,0,3,1,1
3547,1,1,3,1,0,0,3,1,1
3549,1,1,0,6,0,0,3,0,0
3551,1,1,0,10,12,1,3,0,0
3552,0,1,3,8,0,0,3,2,2
3553,1,1,3,3,0,0,3,2,2
3554,1,1,3,8,0,1,3,2,2
3556,1,1,1,8,0,0,3,2,2
3559,0,1,3,3,0,0,3,2,2
3560,1,1,3,3,0,0,3,0,0
3561,1,1,1,3,0,0,3,0,0
3562,1,1,2,1,0,0,3,0,0
3563,1,1,3,1,0,0,3,0,0
3564,1,1,3,1,0,0,3,0,0
3565,0,1,3,10,0,0,3,2,2
3566,1,1,3,10,0,0,3,1,1
3567,1,1,1,10,0,0,3,0,0
3568,1,1,4,10,1,1,3,1,1
3569,1,1,3,10,1,1,3,1,1
3570,0,1,1,3,1,1,3,1,1
3571,1,1,1,3,1,0,3,1,1
3572,0,1,3,10,0,0,3,2,2
3573,1,1,0,1,0,0,3,2,2
3574,1,1,3,10,1,0,3,0,0
3575,1,1,3,1,1,1,3,1,1
3576,0,1,3,1,0,0,3,1,1
3577,0,0,3,1,0,0,3,0,0
3578,1,1,0,8,0,0,3,0,0
3579,1,1,3,10,0,1,3,2,2
3580,1,1,3,1,0,0,3,2,2
3581,1,1,3,3,0,0,3,0,0
3582,1,1,3,1,1,1,3,1,1
3583,1,0,0,6,1,1,3,2,2
3584,0,1,3,3,0,0,3,0,0
3585,1,1,3,10,0,0,3,0,0
3586,1,1,3,10,0,0,3,2,2
3587,1,1,3,10,1,1,3,1,1
3588,1,1,3,10,1,1,3,1,1
3589,1,1,0,3,0,0,3,1,1
3590,1,1,3,3,1,1,3,1,1
3591,1,1,0,3,0,0,3,1,1
3592,1,1,3,3,1,1,3,0,0
3593,1,1,0,3,0,0,3,1,1
3594,1,1,0,3,0,0,3,1,1
3595,0,1,3,3,1,1,3,2,2
3596,1,0,1,3,0,0,3,2,2
3597,1,1,1,3,5,1,3,1,1
3598,1,1,2,3,0,0,3,0,0
3599,1,1,3,1,1,1,3,2,2
3600,0,1,3,3,1,1,3,1,1
3601,1,1,3,10,1,1,3,2,2
3602,1,1,3,8,0,0,3,0,0
3603,1,1,1,8,0,0,3,2,2
3604,1,1,1,3,0,1,3,2,2
3606,0,1,3,3,0,0,3,2,2
3607,0,1,3,3,0,0,3,2,2
3608,0,1,3,3,1,1,3,2,2
3609,0,1,1,3,0,0,3,2,2
3612,0,1,3,3,1,1,3,1,1
3614,1,1,3,3,0,0,3,2,2
3615,0,1,1,1,0,0,3,1,1
3616,0,1,0,3,0,0,3,0,0
3617,0,1,3,3,0,1,3,2,2
3618,0,1,1,3,0,0,3,2,2
3621,0,1,3,3,1,1,3,1,1
3622,1,1,3,9,0,1,3,1,1
3623,1,1,2,1,0,0,3,1,1
3625,1,1,3,3,5,1,3,2,2
3626,0,1,3,3,1,1,3,1,1
3627,1,0,3,1,4,0,3,1,1
3628,1,0,3,10,4,0,3,0,0
3629,1,0,3,10,4,0,3,1,1
3631,1,0,3,10,4,0,3,2,2
3632,1,0,3,10,0,0,3,2,2
3633,1,0,3,10,0,0,3,0,0
3634,1,1,3,8,0,0,3,2,2
3635,1,1,1,8,0,0,3,0,0
3636,1,1,3,8,0,0,3,2,2
3637,1,1,3,10,0,0,3,1,1
3638,1,1,3,10,0,0,3,1,1
3639,1,0,3,10,0,0,3,0,0
3640,1,1,3,1,1,0,3,2,2
3641,0,1,3,3,1,1,3,2,2
3642,0,1,3,3,1,1,3,2,2
3643,1,1,3,1,0,0,3,0,0
3644,1,0,3,1,0,0,3,2,2
3645,1,0,3,10,0,0,3,1,1
3646,1,1,3,1,1,1,3,2,2
3647,1,1,3,10,0,0,3,0,0
3648,0,1,1,3,0,0,3,1,1
3649,1,1,3,8,0,1,3,0,0
3650,0,1,3,3,1,1,3,1,1
3652,1,1,0,3,1,1,3,2,2
3653,0,1,0,3,1,1,3,2,2
3654,1,1,0,6,0,0,3,1,1
3655,0,1,3,3,1,1,3,2,2
3656,0,1,3,3,1,1,3,1,1
3657,0,1,3,3,0,0,3,2,2
3658,1,1,1,6,0,1,3,2,2
3659,1,1,3,3,0,0,3,1,1
3660,1,1,3,5,0,0,3,2,2
3661,0,1,3,3,1,1,3,0,0
3662,1,1,3,10,0,1,3,0,0
3663,1,1,3,5,1,1,3,1,1
3664,0,1,3,3,0,0,3,2,2
3665,1,1,3,10,0,0,3,0,0
3666,1,1,1,3,0,0,3,2,2
3667,1,1,0,3,0,0,3,1,1
3668,0,1,0,3,0,0,3,1,1
3669,0,1,0,3,0,0,3,1,1
3670,0,1,0,3,5,1,3,1,1
3671,1,1,3,3,0,0,3,2,2
3672,1,1,0,3,0,0,3,1,1
3673,0,1,3,3,0,0,3,2,2
3674,1,1,3,1,4,1,3,0,0
3675,1,1,3,3,12,1,3,1,1
3676,0,1,3,10,0,0,3,2,2
3677,1,0,3,3,0,0,3,0,0
3678,0,1,3,10,0,0,3,0,0
3679,1,1,1,3,0,0,3,0,0
3680,1,1,3,1,1,0,3,1,1
3681,1,1,3,1,1,0,3,2,2
3682,1,1,3,10,1,1,3,1,1
3683,1,1,3,1,1,0,3,1,1
3684,1,0,3,1,0,0,3,1,1
3685,1,0,3,1,1,0,3,2,2
3690,0,1,3,3,1,1,3,2,2
3691,1,1,2,1,0,0,3,1,1
3692,0,1,3,3,1,1,3,1,1
3693,1,1,3,1,1,1,3,1,1
3694,1,1,1,5,0,0,3,0,0
3695,0,1,3,3,0,0,3,0,0
3696,1,1,3,3,0,0,3,0,0
3697,1,1,3,10,0,0,3,0,0
3698,0,1,3,10,0,0,3,2,2
3699,1,1,3,10,0,0,3,1,1
3701,0,1,3,3,1,1,3,2,2
3702,1,1,3,1,0,0,3,2,2
3703,1,1,3,1,0,0,3,1,1
3704,0,0,3,3,0,0,3,1,1
3705,0,1,1,3,0,0,3,1,1
3706,0,1,3,3,0,0,3,1,1
3707,0,1,3,3,0,0,3,1,1
3708,1,1,3,3,1,1,3,0,0
3709,1,1,3,3,0,0,3,1,1
3710,1,1,3,3,0,0,3,1,1
3711,1,1,3,3,1,1,3,1,1
3712,1,1,3,3,0,1,3,2,2
3713,1,0,1,1,0,0,3,0,0
3714,1,1,3,3,1,1,3,2,2
3715,0,1,3,3,1,1,3,2,2
3716,0,1,3,3,1,1,3,2,2
3717,1,1,1,3,1,1,3,2,2
3718,1,1,1,3,0,1,3,2,2
3719,1,1,1,3,0,0,3,2,2
3720,1,1,2,3,0,0,3,1,1
3721,1,1,3,1,1,1,3,0,0
3722,0,1,1,3,11,1,3,2,2
3723,1,1,1,1,0,0,3,2,2
3724,0,1,0,3,0,0,3,0,0
3725,0,1,1,3,0,0,3,2,2
3726,0,1,3,3,1,1,3,2,2
3727,1,1,3,1,0,0,3,1,1
3728,1,1,3,10,0,0,3,2,2
3729,1,1,3,1,0,0,3,0,0
3730,1,1,3,10,1,0,3,2,2
3731,1,1,3,10,1,0,3,2,2
3732,0,1,3,3,1,1,3,2,2
3733,0,1,3,10,1,0,3,0,0
3734,1,1,1,3,0,1,3,1,1
3735,1,1,3,10,0,0,3,1,1
3736,1,1,1,3,0,1,3,1,1
3737,1,1,3,3,0,0,3,1,1
3738,1,1,3,3,0,0,3,2,2
3739,0,1,3,3,0,0,3,2,2
3740,0,1,1,5,0,0,3,1,1
3741,1,1,1,1,0,0,3,1,1
3742,1,1,3,3,5,1,3,1,1
3743,0,1,0,3,0,0,3,1,1
3744,1,1,2,10,1,0,3,1,1
3745,0,1,0,3,0,0,3,2,2
3746,1,1,1,1,1,0,3,2,2
3747,0,1,0,3,0,0,3,2,2
3748,0,1,3,3,1,1,3,1,1
3749,1,1,1,10,0,0,3,1,1
3750,1,1,3,1,0,0,3,2,2
3751,1,1,3,1,0,1,3,1,1
3752,1,1,3,3,0,0,3,2,2
3753,0,1,3,3,0,1,3,2,2
3754,0,1,3,3,1,1,3,1,1
3756,1,1,3,3,0,1,3,1,1
3757,1,1,3,3,0,0,3,2,2
3758,0,1,3,3,1,1,3,2,2
3759,1,1,3,3,0,1,3,0,0
3761,1,1,1,1,1,1,3,0,0
3762,1,1,4,10,0,0,3,0,0
3763,1,0,2,10,1,0,3,2,2
3764,1,1,3,1,1,0,3,1,1
3765,1,1,3,10,1,1,3,0,0
3766,1,1,3,1,0,0,3,0,0
3767,1,0,3,1,0,0,3,0,0
3768,1,1,3,3,0,1,3,1,1
3769,1,0,3,10,0,0,3,2,2
3770,1,0,3,10,0,0,3,1,1
3771,1,1,0,1,4,1,3,2,2
3772,0,1,3,1,0,0,3,2,2
3775,1,0,3,10,1,0,3,2,2
3776,1,0,3,3,0,0,3,0,0
3777,1,1,3,1,1,1,3,0,0
3778,0,1,0,3,0,0,3,2,2
3779,1,1,3,3,0,0,3,1,1
3780,0,1,0,3,1,1,3,1,1
3781,1,0,3,1,0,0,3,0,0
3782,0,1,2,3,0,0,3,1,1
3783,0,1,3,3,0,0,3,1,1
3784,1,1,3,3,0,0,3,1,1
3785,0,1,1,3,1,1,3,1,1
3786,1,1,3,3,5,1,3,1,1
3788,1,1,1,10,1,1,3,0,0
3789,1,1,3,3,1,1,3,1,1
3790,1,0,1,3,1,0,3,1,1
3791,0,1,1,3,1,1,3,1,1
3792,1,1,1,3,0,0,3,1,1
3794,0,1,0,3,0,0,3,2,2
3795,0,1,3,10,0,1,3,1,1
3796,0,1,3,10,0,1,3,1,1
3797,1,1,3,1,0,0,3,1,1
3798,1,1,3,1,0,0,3,1,1
3799,1,1,3,8,0,0,3,0,0
3800,1,1,1,8,0,0,3,2,2
3802,1,1,3,3,1,1,3,2,2
3803,0,1,2,5,1,1,3,2,2
3804,0,1,0,3,0,0,3,1,1
3805,0,1,3,3,0,0,3,2,2
3806,0,1,3,3,0,1,3,1,1
3808,1,1,1,3,0,0,3,1,1
3809,1,1,3,3,0,0,3,2,2
3810,0,1,3,3,0,0,3,1,1
3811,1,1,3,3,0,0,3,0,0
3812,1,1,1,3,0,0,3,1,1
3813,0,1,1,3,0,0,3,2,2
3814,1,1,1,3,0,0,3,2,2
3815,0,1,2,3,0,0,3,2,2
3816,0,1,3,3,1,1,3,2,2
3817,0,1,3,10,0,0,3,2,2
3818,1,1,3,10,1,0,3,1,1
3819,0,1,3,3,1,1,3,2,2
3820,1,1,3,1,1,1,3,2,2
3821,1,1,3,3,0,1,3,1,1
3822,0,1,3,10,1,0,3,1,1
3823,0,1,3,1,1,0,3,1,1
3824,1,1,3,8,0,1,3,0,0
3825,1,1,3,10,1,0,3,1,1
3826,0,1,0,3,0,0,3,1,1
3827,1,1,0,3,0,0,3,1,1
3828,1,1,0,3,0,0,3,1,1
3829,0,1,0,3,0,0,3,1,1
3830,1,0,1,3,0,0,3,1,1
3831,1,1,0,3,0,0,3,2,2
3832,0,1,0,3,0,0,3,1,1
3833,1,1,0,5,0,0,3,1,1
3834,0,1,3,3,0,0,3,2,2
3835,1,1,3,1,0,0,3,2,2
3837,0,1,1,3,0,1,3,2,2
3838,0,1,1,3,0,0,3,2,2
3839,0,1,3,1,0,0,3,2,2
3840,1,1,1,3,0,0,3,1,1
3841,1,0,1,10,1,1,3,2,2
3842,1,1,3,10,0,1,3,2,2
3843,1,1,3,1,1,1,3,1,1
3844,0,1,3,1,1,1,3,0,0
3847,1,1,3,3,1,1,3,2,2
3848,1,0,3,10,0,0,3,2,2
3849,1,1,0,3,0,0,3,2,2
3850,0,1,2,3,0,0,3,1,1
3852,1,1,3,1,0,0,3,0,0
3853,1,1,3,1,0,1,3,1,1
3855,0,1,3,5,1,1,3,2,2
3856,1,1,3,3,1,0,3,2,2
3857,0,0,3,3,0,0,3,1,1
3858,0,1,3,3,0,0,3,1,1
3859,1,1,1,3,0,0,3,2,2
3860,1,0,3,10,0,0,3,1,1
3861,0,1,3,10,0,0,3,2,2
3862,1,1,3,9,0,0,3,2,2
3863,1,1,3,3,5,0,3,0,0
3866,0,1,0,3,1,1,3,1,1
3867,1,1,3,3,0,0,3,2,2
3868,1,1,1,3,5,1,3,1,1
3869,1,0,3,3,0,0,3,1,1
3870,1,1,2,3,0,0,3,1,1
3872,1,1,3,1,0,0,3,0,0
3873,1,0,3,10,0,0,3,0,0
3874,1,0,3,10,0,0,3,2,2
3875,0,0,0,3,0,0,3,0,0
3876,1,1,0,3,0,0,3,1,1
3877,0,0,1,3,1,1,3,2,2
3878,0,1,3,3,1,1,3,1,1
3879,0,1,3,3,1,1,3,1,1
3880,1,0,3,10,0,1,3,2,2
3881,0,1,0,5,0,0,3,1,1
3882,0,1,3,3,0,0,3,2,2
3883,0,0,1,5,12,1,3,2,2
3884,0,1,3,1,0,0,3,0,0
3885,0,1,3,10,0,0,3,0,0
3886,0,1,3,10,0,0,3,0,0
3887,1,1,3,1,1,1,3,1,1
3890,1,1,4,3,5,1,3,1,1
3892,1,1,1,1,1,1,3,0,0
3893,1,0,3,1,1,1,3,2,2
3894,0,1,1,3,0,0,3,1,1
3896,1,1,0,3,0,0,3,1,1
3897,1,1,3,10,0,0,3,0,0
3898,0,1,1,8,0,0,3,1,1
3899,0,1,1,3,0,0,3,1,1
3900,1,1,1,3,0,0,3,1,1
3901,0,1,1,3,0,0,3,1,1
3902,0,1,1,8,0,0,3,1,1
3903,1,1,0,3,5,0,3,1,1
3904,0,1,0,3,0,1,3,1,1
3906,1,1,3,10,1,0,3,1,1
3907,1,0,3,10,1,0,3,1,1
3908,0,1,3,3,0,0,3,0,0
3910,1,1,3,1,0,0,3,2,2
3911,1,1,2,10,0,0,3,0,0
3912,0,1,1,3,0,0,3,2,2
3913,1,1,3,1,0,0,3,2,2
3914,1,1,1,3,1,1,3,0,0
3916,1,1,3,3,3,1,3,0,0
3918,1,1,3,3,0,0,3,0,0
3919,1,1,3,3,1,1,3,1,1
3921,0,1,3,5,0,0,3,1,1
3923,1,0,3,1,0,0,3,1,1
3924,0,1,3,3,1,1,3,1,1
3926,0,1,0,3,1,1,3,2,2
3927,0,0,1,3,0,0,3,1,1
3928,1,1,0,1,1,0,3,2,2
3929,1,1,3,8,0,0,3,0,0
3930,0,1,3,3,1,1,3,1,1
3931,1,1,3,1,0,0,3,1,1
3932,0,1,3,3,1,1,3,2,2
3933,1,1,0,10,0,0,3,0,0
3934,1,1,1,10,1,1,3,2,2
3935,1,1,3,10,0,1,3,2,2
3936,0,1,0,3,0,1,3,2,2
3937,1,1,1,3,0,0,3,1,1
3938,0,1,1,3,0,1,3,0,0
3939,1,1,0,10,0,0,3,2,2
3940,1,1,0,1,1,0,3,2,2
3941,1,1,3,3,5,0,3,1,1
3942,1,0,0,3,0,0,3,1,1
3943,0,1,0,3,0,0,3,1,1
3944,1,1,0,3,0,0,3,2,2
3945,1,1,0,3,0,0,3,2,2
3946,0,1,0,3,0,0,3,2,2
3947,1,1,0,3,5,1,3,0,0
3948,0,1,3,3,0,0,3,2,2
3949,1,1,3,1,0,0,3,0,0
3950,1,1,3,1,1,1,3,0,0
3951,1,1,3,8,0,0,3,1,1
3954,1,1,3,3,1,1,3,0,0
3955,1,1,3,8,0,0,3,1,1
3956,1,1,3,1,1,1,3,2,2
3957,1,1,3,8,1,1,3,0,0
3958,1,1,3,8,1,1,3,0,0
3959,1,0,3,10,1,1,3,0,0
3960,1,1,3,3,0,0,3,2,2
3961,1,1,3,3,0,0,3,0,0
3962,1,1,3,1,0,1,3,2,2
3963,0,1,3,10,0,1,3,2,2
3964,1,0,3,10,0,0,3,2,2
3965,0,1,0,3,1,1,3,2,2
3966,0,1,3,3,1,1,3,1,1
3967,1,1,3,3,1,0,3,2,2
3969,0,1,3,3,1,1,3,2,2
3970,1,0,0,10,1,1,3,0,0
3971,1,1,3,1,4,0,3,0,0
3972,0,1,3,3,0,0,3,2,2
3973,1,1,3,8,0,0,3,2,2
3974,1,1,3,3,0,0,3,1,1
3975,0,1,3,3,0,0,3,1,1
3976,1,1,0,3,0,1,3,2,2
3977,1,1,1,8,0,0,3,1,1
3978,0,1,3,3,0,1,3,2,2
3979,0,0,1,3,5,1,3,2,2
3980,1,1,3,1,1,1,3,0,0
3981,1,1,1,3,0,0,3,1,1
3982,0,1,1,3,1,1,3,1,1
3983,0,0,0,3,0,1,3,0,0
3984,0,1,0,3,1,1,3,2,2
3985,1,1,3,10,0,0,3,2,2
3986,1,1,3,10,0,0,3,0,0
3987,1,1,3,3,5,1,3,0,0
3988,0,1,3,3,1,0,3,1,1
3991,1,0,3,10,0,0,3,1,1
3992,0,0,1,3,0,0,3,2,2
3993,1,1,3,1,0,0,3,1,1
3994,1,1,3,1,0,0,3,2,2
3995,1,1,3,1,0,1,3,0,0
3996,1,1,1,8,1,1,3,2,2
3997,1,1,3,10,1,0,3,0,0
3998,1,0,1,3,0,0,3,2,2
3999,1,1,1,3,0,0,3,1,1
4000,1,1,3,1,0,0,3,1,1
4001,1,1,3,1,0,0,3,2,2
4002,1,1,3,1,0,0,3,0,0
4003,1,1,3,1,1,1,3,0,0
4004,1,1,3,3,1,1,3,2,2
4005,0,1,0,3,0,1,3,1,1
4006,0,1,1,3,1,1,3,1,1
4007,1,1,0,3,0,0,3,0,0
4008,1,1,1,3,1,1,3,1,1
4009,1,1,1,3,0,0,3,1,1
4010,0,1,1,3,1,1,3,1,1
4011,1,1,3,3,1,1,3,1,1
4012,1,1,3,10,0,0,3,2,2
4013,1,0,3,1,0,0,3,1,1
4014,1,1,2,10,0,0,3,2,2
4015,0,1,1,3,1,1,3,1,1
4016,0,1,1,10,0,0,3,2,2
4017,1,1,3,8,4,0,3,2,2
4021,0,1,0,8,0,0,3,1,1
4022,1,1,0,8,0,0,3,1,1
4023,0,1,3,3,1,1,3,1,1
4026,1,1,0,8,0,0,3,1,1
4028,0,1,3,3,1,1,3,2,2
4029,1,1,3,1,1,0,3,0,0
4030,1,1,3,10,1,1,3,2,2
4031,1,1,3,3,1,1,3,1,1
4032,0,1,3,3,1,1,3,2,2
4034,1,1,0,8,0,0,3,1,1
4035,1,1,1,3,3,1,3,1,1
4036,0,1,3,3,1,1,3,1,1
4037,1,1,3,3,0,0,3,1,1
4038,1,1,3,1,1,1,3,2,2
4039,1,0,3,1,0,1,3,2,2
4040,0,1,1,3,0,0,3,2,2
4041,1,1,0,3,12,1,3,0,0
4042,0,1,0,3,1,0,3,1,1
4043,1,1,3,8,0,0,3,0,0
4044,0,1,1,3,5,1,3,1,1
4045,1,1,1,3,0,0,3,1,1
4046,1,1,1,3,5,1,3,1,1
4047,0,1,3,3,1,1,3,2,2
4048,1,1,3,1,0,0,3,0,0
4049,1,0,3,3,1,1,3,1,1
4050,0,1,3,3,1,1,3,2,2
4051,1,1,3,3,1,0,3,1,1
4052,1,1,0,8,0,1,3,1,1
4053,0,1,0,3,0,0,3,1,1
4054,0,1,0,8,0,0,3,1,1
4055,1,1,3,10,0,0,3,0,0
4056,0,0,3,3,1,1,3,2,2
4057,0,1,3,3,0,0,3,1,1
4058,1,1,3,3,0,0,3,1,1
4060,1,1,1,3,0,0,3,1,1
4062,1,1,3,3,1,0,3,1,1
4063,1,1,2,3,0,0,3,2,2
4064,0,1,0,3,0,0,3,2,2
4065,0,1,0,3,5,1,3,2,2
4066,1,1,1,1,0,1,3,0,0
4067,1,1,1,1,0,0,3,0,0
4068,1,1,3,1,1,1,3,2,2
4069,0,1,0,3,0,0,3,1,1
4070,0,1,3,3,11,1,3,2,2
4071,1,1,1,10,0,0,3,2,2
4073,1,1,0,3,5,1,3,1,1
4074,1,1,0,3,0,0,3,1,1
4077,1,1,0,3,0,0,3,1,1
4078,0,1,0,3,0,1,3,1,1
4079,0,1,1,3,0,0,3,1,1
4080,0,1,3,3,1,1,3,2,2
4081,1,1,0,3,0,0,3,1,1
4082,1,1,1,3,0,0,3,1,1
4083,1,1,0,3,0,0,3,1,1
4084,0,1,3,3,0,0,3,0,0
4085,0,1,0,3,1,1,3,0,0
4086,0,1,3,3,1,1,3,2,2
4087,1,1,1,3,0,0,3,1,1
4088,0,1,0,3,1,1,3,2,2
4089,0,1,0,3,0,1,3,1,1
4090,0,1,1,3,0,0,3,2,2
4091,1,1,0,8,0,0,3,2,2
4092,1,1,1,8,0,0,3,1,1
4093,0,1,1,8,0,0,3,2,2
4094,1,1,1,3,1,1,3,1,1
4095,1,1,1,3,0,0,3,1,1
4096,0,1,1,3,0,0,3,2,2
4097,1,1,3,3,0,0,3,1,1
4098,0,1,1,3,0,0,3,1,1
4099,1,1,0,1,1,1,3,0,0
4101,1,1,4,3,0,0,3,1,1
4102,1,1,0,8,0,0,3,2,2
4103,1,1,1,3,0,0,3,1,1
4104,1,1,3,10,1,0,3,2,2
4105,0,1,3,3,1,1,3,1,1
4106,0,1,1,3,0,0,3,1,1
4107,1,1,1,8,0,0,3,2,2
4108,0,1,3,3,1,1,3,2,2
4110,0,1,3,3,0,0,3,0,0
4111,0,1,3,3,1,1,3,2,2
4112,0,1,3,3,1,1,3,1,1
4113,0,0,1,1,1,1,3,1,1
4114,0,0,1,1,1,1,3,1,1
4115,0,0,1,1,1,1,3,1,1
4116,1,1,1,10,0,0,3,0,0
4117,1,1,0,3,0,0,3,1,1
4118,0,1,0,3,1,1,3,1,1
4119,0,1,0,3,0,1,3,2,2
4120,0,1,3,8,0,0,3,1,1
4121,1,1,1,3,0,0,3,1,1
4122,0,1,3,3,0,0,3,1,1
4123,0,1,1,3,1,0,3,0,0
4124,0,1,2,3,0,0,3,2,2
4125,1,1,0,3,4,1,3,2,2
4126,1,1,1,3,0,0,3,1,1
4127,0,1,1,3,1,1,3,2,2
4128,0,1,1,3,0,1,3,1,1
4129,0,1,1,3,1,0,3,1,1
4130,1,1,3,8,0,0,3,2,2
4131,1,1,3,10,1,0,3,2,2
4133,0,1,0,3,1,1,3,2,2
4134,0,1,1,3,1,1,3,1,1
4136,1,1,1,3,1,1,3,1,1
4140,1,1,3,3,5,1,3,1,1
4141,1,1,0,3,5,0,3,2,2
4142,0,1,3,3,1,1,3,2,2
4143,1,1,3,3,5,1,3,2,2
4146,1,1,3,5,1,1,3,2,2
4148,1,1,2,3,5,1,3,2,2
4149,1,0,1,3,0,0,3,1,1
4150,0,1,0,8,1,1,3,2,2
4151,0,1,3,3,0,0,3,2,2
4152,0,1,0,5,0,0,3,0,0
4154,1,1,1,10,0,0,3,0,0
4155,0,1,3,3,1,1,3,2,2
4156,1,1,1,3,0,0,3,1,1
4157,1,1,1,3,0,0,3,2,2
4158,0,0,1,3,0,0,3,1,1
4159,1,0,1,3,0,0,3,1,1
4160,1,1,3,3,5,1,3,1,1
4161,0,1,0,9,0,1,3,2,2
4162,0,1,0,9,0,0,3,2,2
4163,1,1,1,10,1,1,3,0,0
4164,0,1,3,3,1,1,3,2,2
4165,1,1,1,8,0,0,3,1,1
4166,1,1,0,3,5,1,3,2,2
4167,0,1,0,3,5,1,3,2,2
4170,1,1,0,3,0,0,3,1,1
4173,0,1,3,3,5,1,3,0,0
4174,1,1,3,10,0,0,3,2,2
4175,1,1,3,1,0,0,3,0,0
4176,0,1,3,3,1,1,3,1,1
4177,1,0,3,1,1,1,3,1,1
4178,0,1,1,3,1,1,3,0,0
4179,0,0,3,3,0,0,3,2,2
4180,1,1,3,3,5,1,3,2,2
4181,1,0,1,10,1,1,3,2,2
4182,1,1,3,8,1,1,3,1,1
4183,1,1,2,1,1,0,3,2,2
4184,1,1,3,5,0,0,3,0,0
4185,1,1,3,8,0,0,3,0,0
4186,0,1,0,3,1,1,3,2,2
4188,1,1,0,1,0,0,3,1,1
4189,1,1,0,1,0,0,3,0,0
4190,1,1,1,10,0,1,3,0,0
4191,1,1,3,10,0,0,3,2,2
4192,1,1,3,10,0,0,3,0,0
4193,0,1,3,3,1,1,3,1,1
4194,0,1,3,3,1,1,3,2,2
4195,1,1,0,1,0,1,3,0,0
4196,1,1,1,1,0,1,3,1,1
4197,0,1,3,3,1,1,3,1,1
4198,1,1,0,6,0,0,3,2,2
4199,1,1,0,6,0,0,3,2,2
4200,1,1,0,6,0,0,3,2,2
4201,0,1,3,3,0,0,3,1,1
4203,1,1,3,10,0,0,3,0,0
4205,0,1,3,3,1,1,3,1,1
4206,0,1,3,3,1,1,3,2,2
4207,1,1,3,3,1,0,3,2,2
4208,1,1,0,1,0,0,3,0,0
4209,1,1,1,10,1,0,3,2,2
4210,1,1,1,10,1,0,3,2,2
4211,1,1,0,1,0,0,3,0,0
4212,1,1,3,1,0,0,3,0,0
4213,0,1,1,3,0,0,3,2,2
4214,0,1,1,5,5,1,3,1,1
4215,0,1,3,3,1,1,3,1,1
4216,1,1,2,3,0,0,3,1,1
4217,0,1,3,3,1,0,3,1,1
4220,1,1,3,1,1,1,3,1,1
4221,0,1,0,3,1,1,3,1,1
4222,1,0,3,10,1,0,3,0,0
4223,1,1,3,3,0,0,3,1,1
4224,0,1,0,1,1,1,3,0,0
4225,0,1,0,1,1,1,3,0,0
4226,1,1,3,3,0,0,3,1,1
4227,1,1,3,10,4,0,3,0,0
4228,1,1,3,10,0,0,3,0,0
4229,1,1,3,3,0,0,3,2,2
4230,0,1,3,3,1,1,3,2,2
4232,1,1,1,1,0,0,3,2,2
4233,1,1,3,3,0,0,3,2,2
4235,1,1,3,1,4,0,3,2,2
4236,0,1,3,3,0,0,3,1,1
4237,1,1,3,3,1,1,3,1,1
4238,1,1,1,3,4,0,3,1,1
4239,1,1,3,3,5,0,3,2,2
4240,1,1,3,3,4,0,3,2,2
4241,1,0,1,3,0,0,3,1,1
4242,1,1,3,1,0,0,3,2,2
4245,1,1,1,1,0,0,3,1,1
4246,0,1,1,3,0,1,3,2,2
4247,0,1,0,3,1,1,3,2,2
4248,0,1,0,3,1,1,3,2,2
4249,0,1,3,3,0,0,3,0,0
4250,1,1,3,10,1,0,3,1,1
4251,1,1,0,3,0,0,3,2,2
4252,1,0,3,1,1,1,3,1,1
4253,0,1,0,3,5,1,3,1,1
4256,1,0,3,3,0,0,3,1,1
4258,0,1,3,3,0,0,3,1,1
4259,0,1,1,3,0,0,3,2,2
4260,1,1,3,1,0,0,3,1,1
4261,1,1,3,8,0,0,3,1,1
4262,1,1,1,8,0,1,3,2,2
4264,1,1,1,3,0,0,3,2,2
4265,0,1,1,3,0,0,3,1,1
4266,0,1,1,3,0,0,3,2,2
4267,1,1,0,3,1,1,3,1,1
4268,0,1,0,3,1,1,3,1,1
4269,0,1,0,3,1,1,3,1,1
4270,0,1,0,3,0,1,3,1,1
4271,1,1,3,1,0,0,3,2,2
4272,1,1,3,3,0,0,3,1,1
4274,0,1,3,3,1,1,3,2,2
4275,0,1,3,3,0,1,3,2,2
4276,0,1,3,3,0,0,3,2,2
4277,1,1,3,10,0,0,3,0,0
4279,1,1,3,3,0,0,3,2,2
4280,1,1,3,10,1,0,3,2,2
4282,1,1,2,3,0,0,3,2,2
4284,0,0,1,3,5,1,3,1,1
4285,0,1,3,3,5,1,3,1,1
4286,1,1,3,3,0,0,3,2,2
4287,1,1,1,1,1,1,3,1,1
4288,1,1,2,8,1,1,3,1,1
4289,1,1,0,10,1,1,3,0,0
4290,1,1,0,5,1,1,3,1,1
4291,0,1,3,3,1,1,3,2,2
4292,1,1,3,10,1,0,3,0,0
4307,1,1,2,8,0,0,3,1,1
4309,1,1,1,8,0,0,3,1,1
4325,1,1,1,8,0,0,3,1,1
4331,1,0,3,8,0,0,3,0,0
4337,0,0,3,3,0,0,3,1,1
4353,1,1,1,8,0,0,3,1,1
4374,1,1,1,8,0,0,3,1,1
4378,1,1,3,8,0,1,3,2,2
4380,1,0,3,8,1,1,3,1,1
4383,1,1,3,8,0,0,3,1,1
4392,1,1,3,8,0,0,3,1,1
4394,0,0,3,3,0,0,3,1,1
4401,1,1,3,8,0,0,3,2,2
4402,1,1,2,8,0,0,3,1,1
4404,1,1,1,8,0,0,3,2,2
4410,0,1,3,3,1,1,3,2,2
4414,1,1,0,8,4,1,3,2,2
4417,0,1,0,3,1,1,3,2,2
4418,1,1,3,1,1,1,3,2,2
4419,1,1,2,1,0,0,3,2,2
4420,1,1,2,1,0,0,3,2,2
4421,0,1,3,3,0,0,3,2,2
4422,1,1,0,10,1,1,3,2,2
4424,0,1,3,3,11,1,3,2,2
4425,1,1,3,3,0,0,3,2,2
4426,1,1,1,8,0,0,3,1,1
4427,1,1,0,5,0,0,3,0,0
4428,1,1,1,1,1,1,3,1,1
4429,1,1,0,5,0,0,3,2,2
4433,1,1,3,1,1,1,3,2,2
4434,1,1,1,8,0,0,3,1,1
4435,1,1,3,8,0,0,3,1,1
4437,0,1,3,3,5,1,3,1,1
4438,0,1,3,3,0,0,3,1,1
4439,0,1,3,3,5,1,3,1,1
4440,0,1,3,10,0,0,3,2,2
4441,0,1,2,10,0,0,3,1,1
4442,1,1,3,3,0,0,3,1,1
4444,1,1,3,3,5,1,3,2,2
4447,1,1,1,1,0,0,3,0,0
4448,1,1,0,8,0,0,3,2,2
4450,1,1,0,3,0,1,3,0,0
4451,1,1,1,5,0,0,3,2,2
4452,1,1,0,3,0,1,3,0,0
4453,0,1,1,5,0,1,3,2,2
4454,1,1,0,1,0,0,3,0,0
4455,1,1,1,3,0,0,3,2,2
4456,1,0,3,5,0,0,3,1,1
4457,0,1,1,3,1,1,3,2,2
4458,1,1,3,8,1,0,3,1,1
4459,1,1,3,5,0,0,3,1,1
4460,1,1,3,8,0,0,3,1,1
4462,1,1,3,8,0,0,3,1,1
4463,1,1,3,1,0,1,3,0,0
4464,0,1,0,3,1,1,3,2,2
4469,1,0,3,3,5,1,3,2,2
4470,1,0,3,3,5,0,3,0,0
4471,1,1,3,10,0,0,3,0,0
4472,1,1,3,10,0,0,3,0,0
4473,1,0,3,10,0,0,3,0,0
4474,1,1,3,8,0,0,3,2,2
4475,1,1,3,3,0,0,3,2,2
4476,0,1,3,3,5,1,3,2,2
4478,1,1,3,3,0,0,3,1,1
4479,1,1,3,5,0,0,3,1,1
4480,1,1,1,3,0,0,3,1,1
4482,1,1,3,2,0,1,3,2,2
4483,1,1,0,3,5,0,3,2,2
4484,1,1,0,3,0,0,3,1,1
4485,1,1,3,3,0,0,3,2,2
4487,0,1,0,3,1,0,3,1,1
4488,0,1,1,10,0,0,3,1,1
4489,0,1,1,10,0,0,3,1,1
4490,1,1,1,8,0,0,3,1,1
4493,0,1,3,5,0,0,3,2,2
4494,1,0,3,3,0,0,3,1,1
4495,0,1,3,1,0,1,3,2,2
4496,0,1,3,1,1,0,3,2,2
4497,0,1,3,3,1,0,3,2,2
4498,0,1,3,3,1,1,3,1,1
4499,1,1,3,10,1,1,3,0,0
4500,1,1,3,10,0,0,3,2,2
4501,1,1,3,3,0,1,3,2,2
4502,1,1,3,3,5,0,3,1,1
4503,1,1,1,10,1,1,3,1,1
4504,1,1,1,10,1,1,3,1,1
4506,1,0,1,3,1,1,3,1,1
4507,0,1,1,8,1,1,3,1,1
4508,1,1,1,3,12,1,3,2,2
4509,0,1,3,5,1,1,3,1,1
4510,0,1,0,3,0,0,3,1,1
4511,0,1,0,3,5,1,3,1,1
4512,1,1,1,1,1,1,3,0,0
4513,1,1,0,10,0,0,3,2,2
4514,1,1,3,3,0,0,3,2,2
4515,0,0,3,3,1,1,3,1,1
4516,1,1,0,3,0,0,3,2,2
4517,1,1,0,3,0,0,3,2,2
4518,1,1,3,1,0,0,3,0,0
4519,0,1,1,3,0,0,3,2,2
4520,1,0,3,10,0,0,3,0,0
4521,1,1,3,3,5,1,3,1,1
4522,1,1,3,3,0,0,3,1,1
4523,1,1,0,3,0,0,3,1,1
4524,1,1,0,3,0,0,3,1,1
4525,1,1,3,1,1,0,3,0,0
4526,1,1,0,3,0,0,3,1,1
4527,1,1,2,10,0,0,3,2,2
4528,1,1,3,10,0,0,3,2,2
4529,1,0,3,10,0,0,3,0,0
4530,1,1,3,3,0,0,3,1,1
4533,0,1,0,3,0,0,3,1,1
4534,1,1,2,1,0,0,3,0,0
4535,0,1,2,3,1,1,3,1,1
4536,1,1,3,3,0,0,3,2,2
4537,1,1,3,8,0,0,3,2,2
4539,0,1,3,8,0,0,3,0,0
4540,1,1,3,1,0,0,3,2,2
4541,0,1,3,10,1,1,3,1,1
4542,0,1,0,8,0,0,3,0,0
4543,0,1,3,1,1,1,3,1,1
4544,1,1,3,10,1,1,3,1,1
4545,1,1,0,3,1,1,3,1,1
4546,1,1,3,10,0,1,3,0,0
4547,0,1,3,3,0,0,3,1,1
4548,0,1,3,3,1,1,3,1,1
4549,1,0,3,10,1,1,3,2,2
4550,1,1,0,10,1,1,3,2,2
4551,0,1,3,3,1,1,3,2,2
4552,0,1,1,3,5,1,3,2,2
4553,1,1,0,3,1,1,3,0,0
4554,1,1,0,10,1,1,3,0,0
4555,0,1,1,3,1,1,3,2,2
4556,1,1,1,10,0,0,3,0,0
4557,1,1,1,1,0,0,3,1,1
4558,1,0,3,10,0,0,3,0,0
4560,1,1,1,3,0,0,3,2,2
4561,1,1,1,3,0,0,3,2,2
4562,1,1,2,3,0,0,3,2,2
4563,1,1,3,3,11,1,3,1,1
4564,0,1,0,3,0,0,3,2,2
4565,0,0,0,3,0,0,3,2,2
4566,0,0,2,3,0,0,3,2,2
4568,0,1,3,3,0,0,3,2,2
4569,1,1,3,3,1,1,3,2,2
4570,0,1,3,3,1,1,3,2,2
4572,1,1,1,8,0,0,3,1,1
4573,0,1,3,3,1,1,3,1,1
4574,1,1,1,10,0,0,3,0,0
4575,0,1,0,3,0,0,3,2,2
4576,1,1,2,3,0,0,3,1,1
4578,1,1,0,3,0,0,3,2,2
4579,1,1,3,3,0,0,3,1,1
4580,1,1,0,3,0,0,3,1,1
4581,0,1,0,3,1,1,3,2,2
4582,1,1,0,10,0,0,3,0,0
4583,0,1,3,3,5,1,3,2,2
4584,1,1,1,3,5,1,3,2,2
4585,1,1,0,3,0,0,3,1,1
4586,1,1,0,10,0,0,3,0,0
4587,1,1,3,10,0,1,3,1,1
4588,1,1,3,10,0,0,3,0,0
4589,1,1,1,3,5,1,3,2,2
4590,0,1,1,3,0,0,3,2,2
4591,1,1,3,3,0,0,3,1,1
4592,1,1,3,3,0,0,3,2,2
4593,1,1,1,3,0,0,3,2,2
4594,0,1,3,3,1,1,3,2,2
4595,1,1,3,3,0,0,3,1,1
4596,0,1,2,3,0,0,3,1,1
4597,0,1,0,3,5,1,3,2,2
4598,0,1,0,3,0,1,3,2,2
4599,1,1,0,3,5,0,3,1,1
4600,1,1,1,1,0,0,3,0,0
4601,0,1,3,3,0,0,3,1,1
4602,0,1,3,3,0,0,3,1,1
4603,1,1,3,3,0,1,3,1,1
4605,1,1,3,3,12,1,3,1,1
4606,1,1,0,10,1,1,3,1,1
4607,1,1,3,10,1,1,3,1,1
4608,1,1,3,1,1,1,3,1,1
4610,1,1,3,3,0,0,3,1,1
4611,1,1,1,3,0,0,3,1,1
4612,1,1,0,3,0,0,3,1,1
4613,0,1,0,3,0,0,3,2,2
4614,1,1,0,3,0,0,3,2,2
4615,1,1,1,3,0,0,3,2,2
4616,0,1,0,3,0,0,3,2,2
4617,1,1,3,1,0,0,3,2,2
4618,0,1,1,3,0,0,3,0,0
4619,1,1,3,3,1,1,3,2,2
4620,1,0,3,10,0,0,3,2,2
4622,1,0,3,1,0,0,3,1,1
4623,1,1,3,10,0,0,3,1,1
4624,1,1,3,10,0,0,3,1,1
4629,1,1,3,3,0,0,3,2,2
4630,1,1,3,3,0,0,3,0,0
4631,1,1,0,3,0,0,3,0,0
4632,1,1,0,10,1,1,3,2,2
4633,1,1,3,3,1,1,3,1,1
4634,1,1,1,3,11,1,3,2,2
4635,0,1,3,3,0,0,3,1,1
4636,1,1,3,1,0,0,3,0,0
4637,1,1,3,3,0,0,3,0,0
4638,1,1,3,10,0,0,3,0,0
4639,0,1,0,3,1,1,3,2,2
4640,0,1,0,3,11,1,3,2,2
4641,1,1,3,8,0,0,3,0,0
4642,1,1,3,1,0,0,3,2,2
4643,1,1,2,10,0,0,3,0,0
4644,0,1,4,3,1,1,3,2,2
4645,0,1,3,3,0,0,3,0,0
4646,1,1,1,10,0,0,3,0,0
4647,1,1,3,3,5,1,3,2,2
4648,1,1,3,2,0,1,3,2,2
4649,0,1,3,3,1,1,3,0,0
4650,0,1,0,3,0,0,3,0,0
4651,1,1,3,1,0,0,3,0,0
4652,1,1,1,8,1,0,3,2,2
4653,1,1,1,3,0,0,3,1,1
4654,1,1,2,10,0,0,3,0,0
4655,1,1,3,3,0,0,3,0,0
4656,1,1,3,1,0,0,3,0,0
4657,1,1,0,3,1,0,3,2,2
4658,1,1,3,1,0,0,3,2,2
4659,0,1,3,3,0,0,3,2,2
4660,1,1,1,8,0,0,3,0,0
4661,0,1,1,3,0,1,3,1,1
4662,0,1,0,3,1,1,3,0,0
4663,1,1,2,3,0,0,3,2,2
4664,1,0,3,6,0,0,3,1,1
4665,0,1,3,3,0,0,3,2,2
4666,1,1,1,3,0,0,3,2,2
4667,1,0,3,3,0,0,3,2,2
4668,1,1,3,10,1,1,3,1,1
4669,1,1,1,1,0,0,3,0,0
4670,1,1,1,3,0,0,3,1,1
4671,0,1,0,3,1,1,3,2,2
4672,1,1,3,8,1,1,3,0,0
4673,1,1,2,10,0,1,3,2,2
4674,1,1,2,10,0,0,3,0,0
4675,0,1,3,3,1,1,3,0,0
4676,1,1,3,6,1,0,3,1,1
4677,1,1,0,1,0,0,3,1,1
4678,1,1,3,3,0,0,3,2,2
