,Number of Vehicles,1st Road Class,Road Surface,Lighting Conditions,Weather Conditions,Vehicle Number,Type of Vehicle,Casualty Class,Casualty Severity,Sex of Casualty,Age of Casualty
0,2,3,1,1,1,2,11,2,3,2,6
1,2,3,1,1,1,2,11,2,3,1,9
2,2,3,1,1,1,2,11,2,3,2,39
3,2,3,1,1,1,2,11,2,3,1,5
4,2,3,1,1,1,2,11,2,3,2,8
5,2,3,1,1,1,2,11,2,3,2,48
6,2,3,1,1,1,2,11,2,3,2,57
7,2,3,1,1,1,2,1,1,3,1,54
8,1,6,1,1,1,1,9,3,3,2,3
9,2,6,1,4,1,2,1,1,2,1,45
10,2,3,1,1,1,2,1,1,2,1,44
11,1,6,1,4,1,1,9,3,3,1,16
12,2,6,1,1,1,2,9,1,3,2,38
13,2,6,1,1,1,1,5,1,2,1,35
14,2,6,1,1,1,1,5,2,3,2,37
15,3,3,1,1,1,2,19,1,3,1,28
16,3,3,1,1,1,2,19,2,3,1,32
17,3,3,1,1,1,3,9,1,3,2,46
18,2,6,1,1,1,1,9,1,3,1,69
19,2,6,1,1,1,1,9,2,3,2,69
20,2,3,1,4,1,1,3,1,2,1,20
21,2,6,1,6,1,2,1,1,3,1,25
22,1,4,1,1,1,1,9,3,3,2,23
23,2,6,2,1,5,1,9,2,3,2,53
24,1,6,9,1,9,1,8,2,2,2,28
25,1,6,1,4,1,1,9,3,2,2,21
26,2,6,1,1,1,2,1,1,3,1,32
27,1,6,1,1,1,1,9,1,3,2,58
28,2,3,1,1,1,1,8,1,3,1,32
29,2,3,1,1,1,1,8,2,3,1,28
30,2,3,1,1,1,2,9,1,3,2,39
31,2,6,1,1,1,2,11,2,3,2,79
32,1,4,1,4,1,1,9,3,3,1,58
33,2,6,1,4,1,2,1,1,3,1,39
34,2,3,1,4,1,2,9,1,3,1,29
35,2,3,1,1,1,2,9,1,3,2,29
36,2,3,1,1,1,2,9,2,3,2,23
37,2,3,1,1,1,1,9,2,3,2,21
38,2,3,1,1,1,2,9,1,3,2,39
39,2,3,2,1,1,2,1,1,2,2,20
40,2,6,1,4,1,2,1,1,2,1,43
41,2,6,1,4,1,1,9,1,3,2,73
42,2,6,1,4,1,2,2,1,2,1,17
43,2,6,1,1,1,1,9,1,3,2,32
44,2,6,1,4,1,1,9,1,3,2,23
45,2,6,1,4,1,1,9,2,3,2,20
46,2,3,1,4,1,1,9,2,3,2,36
47,2,3,1,4,1,2,9,1,3,1,45
48,2,6,2,1,1,2,1,1,2,2,37
49,2,3,1,4,1,1,9,1,3,1,38
50,2,3,2,1,1,1,9,1,3,2,40
51,2,3,2,1,1,2,9,1,3,2,47
52,1,4,1,1,1,1,9,3,3,2,67
53,1,6,1,4,1,1,9,3,2,1,34
54,2,3,1,4,1,2,9,1,3,1,26
55,1,6,1,4,1,1,8,2,3,2,23
56,1,6,2,1,1,1,9,3,3,2,10
57,3,6,1,1,1,1,9,1,3,2,27
58,3,6,1,1,1,3,9,1,3,2,64
59,2,4,1,1,1,2,9,1,3,2,29
60,2,6,1,4,1,1,9,1,2,1,35
61,2,6,1,4,1,2,9,1,2,1,72
62,2,6,1,4,1,2,9,2,2,2,73
63,2,6,1,4,1,1,9,2,3,2,33
64,2,6,1,4,1,2,9,1,3,1,20
65,2,6,2,1,2,1,9,1,3,2,38
66,2,3,1,1,1,1,9,1,3,1,52
67,2,3,1,1,1,2,9,1,3,1,60
68,2,3,1,4,1,1,9,1,3,1,27
69,2,2,1,4,1,2,9,1,3,2,28
70,1,6,1,1,1,1,9,3,3,1,11
71,2,3,1,7,1,1,9,1,2,2,57
72,2,6,1,4,1,2,3,1,3,1,25
73,1,6,2,1,1,1,3,1,3,1,17
74,2,3,2,1,1,2,1,1,3,1,35
75,1,3,1,1,1,1,9,3,2,1,81
76,1,3,1,1,1,1,9,3,3,1,12
77,1,6,2,4,3,1,9,1,3,1,46
78,1,3,2,4,1,1,9,1,2,1,30
79,1,3,2,1,1,1,11,3,2,2,12
80,1,6,2,1,8,1,9,3,3,2,49
81,2,3,2,4,1,1,9,1,3,2,72
82,2,4,1,4,1,2,9,1,3,1,76
83,1,6,1,4,1,1,9,3,2,2,27
84,1,1,2,4,1,1,9,1,3,1,78
85,5,3,1,1,1,4,9,1,3,1,56
86,5,3,1,1,1,4,9,2,3,1,59
87,2,6,2,1,1,1,9,1,2,1,20
88,2,6,2,1,1,2,9,1,3,1,22
89,1,6,1,1,1,1,20,3,2,1,81
90,1,3,2,4,1,1,9,1,3,2,57
91,1,6,4,4,1,1,3,1,3,1,20
92,1,6,1,1,1,1,3,1,3,2,39
93,2,6,1,1,1,1,9,1,3,2,36
94,1,6,1,1,1,1,9,3,3,1,10
95,2,4,1,1,1,1,9,3,3,2,11
96,2,3,2,1,1,1,3,1,3,1,34
97,2,2,1,1,1,1,9,1,3,2,19
98,2,2,1,1,1,2,9,1,3,1,42
99,2,6,1,1,1,2,1,1,3,1,32
100,2,6,1,1,1,2,11,2,3,2,30
101,2,6,2,1,1,1,9,1,3,1,74
102,2,6,2,1,1,2,9,2,3,2,23
103,1,6,1,1,1,1,9,3,1,2,70
104,2,6,1,1,1,2,9,1,3,2,51
105,2,6,2,4,1,1,1,1,1,1,46
106,2,6,1,4,1,1,9,1,3,1,24
107,2,3,2,4,1,1,9,1,3,2,28
108,2,3,2,4,1,2,8,1,3,1,38
109,2,6,2,4,1,1,9,1,3,1,44
110,2,6,2,4,1,2,9,1,3,2,34
111,2,6,2,4,1,2,9,2,3,1,12
112,2,6,2,4,1,2,9,2,3,2,8
113,2,6,2,4,1,2,9,2,3,2,5
114,2,3,1,4,1,2,9,1,3,2,56
115,3,1,2,4,1,1,9,1,3,2,22
116,3,1,2,4,1,2,9,1,3,1,25
117,1,6,2,4,2,1,9,3,3,2,10
118,1,6,1,6,1,1,9,3,3,2,51
119,2,3,2,1,1,2,1,1,3,2,31
120,2,6,1,1,1,1,9,1,2,2,28
121,2,6,1,1,1,2,9,1,3,1,48
122,2,6,1,1,1,2,9,2,3,2,46
123,2,6,2,1,1,2,1,1,3,1,17
124,2,6,1,1,1,2,1,1,3,1,60
125,2,6,1,1,1,1,1,1,2,1,33
126,2,6,1,4,1,2,9,1,3,1,45
127,3,3,2,4,1,2,9,1,3,1,45
128,3,3,2,4,1,3,9,1,3,2,21
129,3,3,2,4,1,3,9,1,3,2,24
130,2,3,1,5,1,2,9,1,3,2,54
131,2,6,1,4,1,2,9,1,3,1,47
132,2,6,2,4,1,1,9,1,3,1,30
133,2,6,2,4,1,1,9,2,3,1,33
134,2,6,2,4,1,1,9,2,3,2,32
135,2,6,2,4,1,1,9,2,3,1,30
136,2,6,2,4,1,1,9,2,3,2,32
137,2,6,1,4,1,2,9,1,3,1,47
138,1,6,1,1,1,1,8,2,3,2,24
139,2,6,1,7,1,1,9,2,3,2,19
140,2,6,1,7,1,1,9,2,3,2,18
141,2,6,2,4,1,2,5,1,2,1,53
142,2,6,4,1,1,1,9,1,3,2,22
143,2,6,1,1,1,1,9,1,3,1,52
144,2,6,1,1,1,2,9,1,3,2,40
145,1,6,1,1,1,1,9,3,3,1,15
146,3,1,1,4,1,1,9,1,3,1,36
147,3,1,1,4,1,2,9,1,3,1,22
148,3,1,1,4,1,3,9,1,3,1,43
149,2,3,1,1,1,1,9,1,3,1,47
150,1,6,1,1,1,1,8,3,3,2,62
151,2,3,2,1,1,2,1,1,2,1,74
152,1,6,2,1,1,1,9,3,3,2,4
153,2,6,1,4,1,2,9,1,3,2,35
154,2,6,1,4,1,2,9,3,3,2,42
155,1,6,1,1,1,1,9,3,3,2,39
156,1,6,1,1,1,1,9,3,3,1,44
157,2,6,1,1,1,2,22,1,3,2,11
158,3,3,1,1,1,2,9,1,3,1,45
159,3,2,2,4,1,3,9,1,3,1,28
160,2,1,2,4,1,1,9,1,3,1,51
161,2,3,4,1,1,1,9,1,3,2,39
162,2,6,3,1,3,2,9,1,3,1,72
163,4,6,1,1,1,1,9,1,3,1,29
164,4,6,1,1,1,2,9,2,3,2,88
165,2,4,2,4,1,1,9,2,3,2,22
166,2,6,1,4,1,2,9,1,3,2,27
167,2,4,3,1,1,1,9,1,3,1,35
168,2,2,1,1,1,1,9,2,1,2,77
169,2,2,1,1,1,1,9,2,3,2,51
170,2,2,1,1,1,1,9,1,3,1,71
171,2,6,1,1,1,1,9,1,3,2,31
172,2,6,1,1,1,2,9,1,3,1,42
173,2,6,1,1,1,2,9,1,3,2,20
174,2,6,1,1,1,2,9,2,3,2,30
175,2,3,1,1,1,1,9,2,3,2,33
176,1,6,2,1,1,1,9,3,2,1,63
177,1,6,4,4,1,1,9,3,3,1,43
178,3,3,4,4,1,1,9,2,2,1,21
179,2,6,2,4,1,2,1,1,3,1,27
180,1,6,4,4,1,1,9,3,2,1,16
181,2,3,1,1,1,1,8,1,3,1,62
182,2,3,1,1,1,1,8,2,3,2,45
183,2,3,1,1,1,2,9,1,3,1,50
184,2,3,1,1,1,2,9,2,3,2,2
185,3,6,1,1,1,2,19,1,3,1,49
186,1,6,1,1,1,1,9,3,3,1,11
187,2,6,2,1,1,2,3,1,3,1,19
188,2,6,1,4,1,2,9,2,3,1,1
189,1,6,2,4,1,1,9,3,2,2,34
190,2,3,1,4,1,2,9,1,3,2,26
191,1,6,2,5,7,1,9,1,3,2,31
192,2,6,1,1,1,2,9,1,3,1,48
193,2,6,1,1,1,2,19,2,3,1,39
194,2,6,2,6,2,1,9,1,3,1,40
195,2,6,2,6,2,2,9,1,3,2,23
196,1,3,2,4,2,1,9,3,2,1,21
197,1,6,2,4,2,1,9,3,3,2,19
198,1,6,2,1,1,1,9,3,2,1,8
199,2,6,1,4,1,2,8,1,3,1,46
200,1,6,1,1,1,1,19,3,3,2,51
201,1,6,2,4,5,1,9,3,3,1,26
202,1,4,2,1,1,1,9,3,3,2,58
203,2,6,2,4,2,1,9,1,3,1,23
204,2,6,2,4,2,1,9,2,3,2,44
205,2,6,1,4,4,1,9,1,3,2,24
206,2,6,1,4,4,1,9,2,3,1,14
207,2,6,1,4,4,2,3,1,3,1,26
208,1,6,1,6,1,1,3,1,2,1,15
209,2,6,1,4,1,1,9,1,3,2,28
210,2,6,1,1,1,1,9,2,1,1,52
211,2,6,1,1,1,1,9,2,2,1,50
212,2,6,1,1,1,2,9,1,3,1,47
213,5,3,1,1,1,1,9,1,3,2,32
214,5,3,1,1,1,2,9,1,3,2,48
215,1,6,2,1,1,1,9,2,3,2,34
216,2,6,2,1,1,2,9,1,3,2,22
217,2,6,2,1,1,2,9,2,3,2,55
218,2,6,2,4,1,2,1,1,3,1,42
219,2,6,1,1,1,2,1,1,3,1,34
220,1,3,1,1,1,1,4,1,2,2,54
221,1,3,2,1,1,1,9,3,2,2,51
222,3,3,2,1,1,1,3,1,1,1,17
223,2,4,1,1,1,1,9,1,3,1,46
224,2,6,2,1,1,2,3,1,3,1,50
225,2,1,1,1,1,1,19,1,3,1,46
226,2,1,1,1,1,2,21,1,3,1,46
227,2,6,1,4,1,2,1,1,3,1,43
228,2,6,1,1,1,2,1,1,3,1,27
229,2,3,1,4,1,1,8,1,3,1,36
230,2,3,1,4,1,2,8,1,3,1,32
231,2,3,1,1,1,2,9,1,3,2,38
232,1,6,1,1,1,1,3,2,3,1,23
233,2,6,1,4,1,1,9,1,3,1,25
234,2,6,1,1,1,2,9,1,3,1,49
235,2,6,1,1,1,2,1,1,3,2,22
236,1,3,1,4,1,1,9,3,3,2,42
237,1,6,1,4,1,1,9,3,3,1,62
238,1,6,1,1,1,1,9,1,3,1,26
239,2,3,1,1,1,2,1,1,2,1,44
240,2,6,1,1,1,1,9,2,3,2,12
241,1,6,1,1,1,1,9,3,3,1,78
242,2,6,1,1,1,1,19,1,3,1,42
243,2,6,1,1,1,2,9,1,3,1,47
244,3,6,1,1,1,2,3,1,3,1,27
245,2,6,1,1,1,2,9,1,3,2,55
246,2,6,1,7,1,2,1,1,2,1,44
247,1,6,1,4,1,1,9,3,3,2,10
248,1,6,1,4,1,1,9,3,3,2,5
249,1,3,1,6,1,1,9,1,3,1,20
250,1,3,1,6,1,1,9,2,2,1,21
251,2,3,1,1,1,1,9,1,3,2,45
252,2,3,1,1,1,2,20,1,2,1,35
253,3,6,1,1,1,2,9,1,3,2,43
254,2,6,1,1,1,2,9,1,3,2,29
255,1,1,2,6,1,1,9,1,3,2,32
256,1,6,1,1,1,1,5,3,2,2,19
257,3,6,1,4,1,3,1,1,3,1,22
258,2,3,1,1,1,1,9,1,3,1,22
259,2,3,1,1,1,1,9,2,3,2,19
260,2,3,1,1,1,2,9,1,3,2,58
261,2,3,1,1,1,2,9,2,3,1,82
262,2,6,1,4,1,2,9,1,3,1,35
263,2,1,1,1,1,2,9,1,3,2,46
264,1,6,1,1,1,1,9,3,3,2,68
265,2,1,1,4,1,2,9,1,3,2,33
266,2,6,1,4,1,2,1,1,3,1,17
267,1,3,1,4,1,1,9,3,2,1,30
268,1,6,1,1,1,1,9,1,3,1,23
269,2,4,1,1,1,2,9,1,3,1,62
270,1,6,1,1,1,1,2,1,2,1,15
271,1,6,1,1,1,1,9,3,2,2,78
272,3,1,1,5,1,2,9,1,3,1,49
273,3,1,1,5,1,3,9,1,3,2,26
274,2,6,1,4,1,2,3,2,1,1,23
275,1,6,1,1,1,1,9,3,3,1,17
276,1,3,1,1,1,1,5,3,3,1,15
277,1,6,1,4,1,1,9,3,3,1,25
278,2,6,1,4,1,2,1,1,3,1,26
279,2,3,1,1,1,1,9,1,3,1,89
280,1,6,1,1,1,1,9,3,3,2,15
281,1,6,1,4,1,1,9,3,2,1,22
282,1,3,1,4,1,1,9,3,1,1,40
283,2,6,1,7,1,2,8,2,3,1,48
284,3,3,1,1,1,2,9,1,3,2,29
285,2,6,1,1,1,2,1,1,2,1,22
286,2,6,1,1,1,1,9,1,3,1,57
287,2,6,1,1,1,1,9,2,3,2,25
288,2,6,1,1,1,2,9,1,3,1,71
289,1,6,1,1,1,1,8,3,3,2,29
290,3,6,1,1,1,1,9,2,2,2,71
291,2,3,1,1,1,1,9,1,3,2,19
292,2,3,1,1,1,2,1,1,3,1,19
293,2,3,1,1,1,2,1,1,2,1,44
294,2,6,1,1,1,2,3,1,2,1,25
295,2,3,1,1,1,1,9,1,3,1,24
296,2,3,1,1,1,2,9,1,1,2,80
297,2,6,1,1,1,2,1,1,3,1,16
298,1,6,1,4,1,1,9,3,2,1,10
299,1,6,1,6,1,1,9,1,3,2,24
300,1,6,1,6,1,1,9,2,2,2,25
301,2,1,1,1,1,1,9,1,3,1,36
302,2,1,1,1,1,2,9,1,3,2,56
303,1,1,1,1,1,1,9,3,1,1,36
304,2,1,1,1,1,1,9,1,3,1,20
305,2,3,1,1,1,1,1,1,3,1,32
306,2,1,1,1,1,2,5,1,2,1,40
307,2,1,1,1,1,1,9,1,3,2,48
308,2,1,1,1,1,1,9,2,3,2,26
309,1,6,1,1,1,1,11,3,3,1,23
310,3,6,1,1,1,3,9,1,3,2,46
311,2,3,1,1,1,1,5,1,1,1,29
312,2,6,1,1,1,2,3,1,3,1,18
313,2,6,1,1,1,2,1,1,3,2,12
314,3,1,1,4,1,2,9,2,3,2,22
315,3,1,1,4,1,3,9,1,3,2,60
316,1,3,2,4,1,1,8,3,2,1,19
317,2,3,1,1,1,2,9,2,3,2,78
318,1,1,1,1,1,1,9,1,3,2,67
319,2,6,2,4,2,1,9,1,3,2,37
320,2,6,2,4,2,2,9,2,3,1,31
321,1,4,1,4,1,1,8,2,3,2,42
322,2,6,2,4,2,2,1,1,3,1,23
323,2,3,1,4,1,2,9,1,3,1,23
324,1,6,2,1,2,1,4,1,2,1,21
325,2,6,1,1,1,2,2,1,3,1,16
326,1,4,2,1,1,1,8,2,3,1,22
327,1,4,2,1,1,1,8,2,3,2,24
328,2,6,1,1,1,2,1,1,2,1,34
329,2,6,1,1,1,2,9,1,3,2,35
330,2,6,1,1,1,1,9,1,2,1,61
331,2,6,1,1,1,2,9,1,3,1,30
332,2,3,1,1,1,1,9,1,3,1,25
333,1,3,1,1,1,1,9,3,2,2,68
334,2,1,1,1,1,1,9,1,3,1,41
335,2,1,1,1,1,2,9,1,3,1,58
336,2,3,1,4,1,1,9,1,3,2,26
337,1,6,2,4,2,1,9,2,3,2,30
338,2,2,1,1,1,1,9,1,2,1,49
339,2,2,1,1,1,1,9,2,3,1,27
340,2,2,1,1,1,1,9,2,3,1,63
341,2,2,1,1,1,1,9,2,3,1,27
342,2,2,1,1,1,1,9,2,3,1,48
343,2,2,1,1,1,2,9,1,2,1,33
344,2,2,1,1,1,2,9,2,3,1,32
345,2,2,1,1,1,2,9,2,3,1,26
346,2,2,1,1,1,2,9,2,3,1,41
347,2,6,1,1,1,2,9,1,3,1,82
348,1,6,1,1,1,1,9,3,3,1,51
349,2,1,2,4,1,1,9,1,3,1,20
350,2,1,2,4,1,1,9,2,3,1,19
351,1,3,1,4,1,1,9,3,3,1,20
352,2,6,1,4,1,2,1,1,3,1,19
353,2,6,2,1,2,2,1,1,2,1,31
354,2,3,1,1,1,1,1,1,3,1,51
355,1,6,1,1,1,1,8,3,3,2,26
356,2,6,2,1,1,2,3,1,3,1,41
357,3,2,1,1,1,2,9,1,3,2,54
358,2,3,1,1,1,2,9,2,3,1,92
359,2,3,1,1,1,2,9,1,3,2,62
360,2,6,2,1,2,2,9,1,3,1,36
361,2,6,2,4,2,2,9,1,3,1,28
362,2,6,2,4,2,2,9,2,3,1,37
363,1,4,2,4,1,1,9,2,3,2,17
364,1,4,2,4,1,1,9,2,3,2,17
365,2,6,2,1,5,2,9,1,3,2,29
366,2,1,1,1,1,1,9,1,3,1,29
367,2,1,1,1,1,1,9,2,3,2,28
368,2,1,1,1,1,1,9,2,3,1,9
369,3,3,1,1,1,1,9,1,3,2,27
370,3,3,1,1,1,2,9,1,3,2,55
371,3,3,1,1,1,3,9,1,3,2,58
372,2,1,1,4,1,2,9,1,3,2,29
373,2,1,1,4,1,2,9,2,3,2,25
374,1,6,2,4,2,1,9,2,2,1,24
375,1,6,2,4,2,1,9,2,2,2,18
376,1,6,2,4,2,1,9,3,3,1,34
377,2,6,2,4,6,1,3,1,3,1,17
378,1,6,1,1,1,1,9,3,3,2,75
379,1,6,1,4,1,1,9,3,2,2,84
380,2,6,1,1,1,2,9,2,3,2,6
381,2,4,2,1,2,2,9,1,3,1,21
382,2,3,2,1,2,2,2,1,3,2,26
383,2,3,1,1,1,1,9,2,3,2,25
384,2,3,1,7,1,2,9,1,3,2,53
385,3,6,2,1,5,1,5,1,2,1,21
386,1,6,2,1,4,1,11,3,3,1,28
387,2,6,2,1,4,1,9,1,3,2,19
388,2,6,2,1,4,2,19,1,3,1,36
389,2,1,2,1,4,2,9,1,3,1,69
390,3,3,1,1,1,3,9,1,3,1,25
391,1,3,1,4,1,1,9,1,3,1,24
392,3,1,2,4,5,2,19,1,3,1,52
393,2,6,1,1,1,2,9,1,3,1,51
394,2,1,1,1,1,2,9,1,3,1,34
395,2,6,1,1,4,2,1,1,3,1,21
396,3,3,1,1,4,2,9,1,3,1,51
397,2,6,2,1,1,2,1,1,3,2,26
398,2,3,1,1,1,2,9,2,3,1,24
399,1,6,1,1,1,1,19,3,3,2,54
400,1,6,1,1,4,1,9,3,3,2,12
401,2,3,2,1,4,1,9,2,3,1,8
402,2,5,2,1,5,1,9,2,3,1,28
403,1,6,1,1,1,1,8,3,3,2,26
404,2,6,2,1,5,2,9,1,3,2,37
405,2,6,1,7,1,2,8,2,3,1,50
406,2,6,1,1,1,1,9,1,3,2,29
407,2,3,1,1,1,2,1,1,3,2,34
408,2,6,1,1,1,2,1,1,3,1,36
409,2,1,1,1,1,1,9,1,3,1,62
410,3,1,1,1,1,2,9,1,3,1,24
411,2,6,1,1,1,2,1,1,2,1,35
412,1,6,1,1,1,1,9,3,3,1,10
413,2,6,1,1,1,2,9,1,3,1,36
414,2,6,1,1,1,2,9,2,3,2,12
415,2,6,1,1,1,2,9,2,3,2,9
416,2,6,1,1,1,2,9,2,3,2,7
417,2,4,1,1,1,2,9,2,3,2,45
418,1,3,1,1,1,1,9,2,2,1,89
419,1,3,1,1,1,1,9,1,3,1,61
420,1,2,1,1,1,1,9,1,2,2,20
421,1,2,1,1,1,1,9,2,2,1,20
422,2,6,1,1,1,1,1,1,3,1,14
423,2,3,1,1,1,2,1,1,3,1,30
424,2,3,1,1,1,1,9,1,3,2,62
425,2,3,1,1,1,1,9,2,3,1,95
426,1,3,1,1,1,1,9,3,2,2,23
427,2,3,1,4,1,1,9,1,2,1,24
428,2,3,1,4,1,1,9,2,2,1,50
429,2,3,1,4,1,2,9,1,3,1,37
430,2,3,1,1,1,2,3,1,1,1,68
431,2,4,1,1,1,2,9,1,3,2,29
432,2,6,1,1,1,2,1,1,3,1,58
433,1,4,1,5,1,1,3,1,1,1,22
434,2,1,1,1,1,2,11,2,2,2,53
435,2,6,1,1,1,2,9,1,3,2,28
436,2,6,1,1,1,2,9,2,3,2,31
437,2,6,1,1,1,2,9,2,3,2,18
438,2,6,1,1,1,2,9,2,3,2,7
439,2,6,1,1,1,2,9,2,3,2,2
440,2,3,1,4,1,2,9,2,3,2,70
441,2,6,1,1,1,2,19,1,3,1,20
442,2,6,1,1,1,2,9,1,3,1,28
443,2,6,1,1,1,2,9,2,3,1,8
444,2,6,1,1,1,1,1,1,3,1,19
445,1,6,1,1,1,1,97,3,3,2,5
446,2,6,1,1,1,2,3,1,2,1,18
447,1,6,1,4,1,1,5,1,2,1,36
448,2,6,1,4,1,2,9,1,3,1,45
449,5,3,1,4,1,2,9,1,3,1,40
450,5,3,1,4,1,4,9,1,3,1,23
451,1,1,1,1,1,1,21,3,3,2,18
452,1,6,1,1,1,1,9,3,3,2,2
453,2,6,1,4,1,1,9,1,3,1,41
454,2,6,1,4,1,1,9,2,3,1,38
455,2,6,1,4,1,2,19,1,3,1,57
456,3,6,1,1,1,1,9,1,3,1,73
457,1,3,1,1,1,1,9,3,2,2,24
458,1,6,1,4,1,1,3,3,2,1,18
459,2,3,1,4,1,2,9,1,3,2,22
460,2,6,1,1,1,1,9,2,3,2,57
461,2,6,1,1,1,2,8,1,3,1,41
462,2,6,1,1,1,1,9,1,3,2,36
463,2,3,1,1,1,2,1,1,3,1,57
464,3,3,1,1,1,2,9,1,3,1,57
465,1,3,1,1,1,1,11,2,3,2,67
466,2,3,1,1,1,2,1,1,3,1,69
467,1,6,1,1,1,1,9,3,3,2,24
468,2,3,1,1,1,2,9,1,3,2,64
469,2,6,1,1,1,2,1,2,2,1,56
470,2,6,1,1,1,2,1,1,3,1,28
471,2,6,1,1,1,1,9,2,3,1,12
472,3,3,1,1,1,1,9,1,3,1,31
473,3,3,1,1,1,1,9,2,3,1,23
474,3,3,1,1,1,1,9,2,2,2,19
475,2,6,1,1,1,2,9,1,3,1,22
476,2,6,1,1,1,1,9,3,3,1,15
477,2,6,1,1,1,1,9,3,3,1,16
478,2,6,1,1,1,2,4,1,2,1,27
479,2,6,1,1,1,2,5,1,3,1,37
480,2,6,1,1,1,2,8,2,3,2,24
481,3,4,2,4,2,1,9,1,3,2,63
482,2,3,1,1,1,2,1,1,3,1,48
483,2,2,1,1,1,2,9,1,3,2,46
484,2,1,1,1,1,2,9,1,3,2,22
485,2,1,1,1,1,2,9,2,3,1,22
486,1,3,1,1,1,1,9,3,3,1,30
487,1,6,1,1,1,1,9,3,3,1,13
488,2,6,1,1,1,2,2,1,3,1,60
489,3,3,1,1,1,2,9,1,3,2,28
490,2,6,1,1,1,1,9,1,3,2,26
491,2,6,1,1,1,2,9,1,3,1,31
492,2,6,1,1,1,2,1,1,3,1,29
493,6,6,1,1,1,2,9,2,3,2,44
494,6,6,1,1,1,3,9,1,3,1,30
495,6,6,1,1,1,5,9,1,3,2,19
496,6,6,1,1,1,5,9,2,3,2,18
497,3,6,1,4,1,3,9,1,3,1,20
498,3,6,1,4,1,3,9,2,3,2,19
499,2,3,2,4,1,1,9,1,3,1,38
500,2,3,2,4,1,2,9,1,3,2,23
501,2,1,1,1,1,2,9,2,3,2,37
502,2,6,1,7,1,2,1,1,3,1,14
503,1,6,1,7,1,1,9,1,3,1,32
504,2,6,1,1,1,2,1,1,3,1,33
505,2,6,1,1,1,2,22,1,2,1,76
506,2,6,1,1,1,2,1,1,3,1,21
507,1,3,1,1,1,1,3,1,3,2,31
508,1,6,1,1,1,1,11,2,2,2,62
509,1,6,1,4,1,1,9,2,2,1,18
510,2,6,1,1,1,1,5,1,3,1,48
511,2,3,1,1,1,2,9,1,3,2,42
512,2,6,1,1,1,2,9,1,3,1,35
513,4,3,1,1,1,2,9,2,3,1,7
514,4,3,1,1,1,2,9,2,3,1,9
515,2,1,1,1,1,1,9,1,3,2,43
516,2,1,1,1,1,2,9,1,3,2,20
517,2,6,1,1,1,2,9,1,3,1,50
518,3,3,1,1,1,1,9,1,3,1,27
519,2,6,1,1,1,1,9,2,3,2,85
520,2,3,1,1,1,1,1,1,3,1,16
521,1,6,1,1,1,1,11,3,3,1,29
522,1,6,1,4,1,1,8,3,2,2,41
523,2,1,9,1,9,2,9,1,3,1,65
524,2,3,1,1,1,1,1,1,3,1,13
525,2,6,1,1,1,1,8,2,3,2,38
526,2,6,1,1,1,2,9,1,3,2,32
527,2,6,1,1,1,2,1,1,3,1,21
528,3,6,1,1,1,1,9,2,3,1,20
529,3,6,1,1,1,1,9,2,3,2,17
530,2,6,1,1,1,2,1,1,3,1,29
531,3,1,1,1,1,2,9,1,3,2,30
532,1,3,1,1,1,1,11,2,3,2,80
533,2,3,1,1,1,1,9,2,3,2,43
534,1,6,1,1,1,1,19,3,2,1,26
535,1,6,1,1,1,1,9,3,2,1,8
536,2,6,1,1,1,2,1,1,3,1,42
537,2,6,1,1,1,2,9,1,3,2,24
538,3,6,1,6,1,2,9,1,2,1,39
539,2,6,1,4,1,2,4,1,2,1,39
540,2,1,1,1,1,1,9,1,3,1,28
541,2,4,1,1,1,2,1,1,3,1,31
542,2,1,1,1,1,2,5,1,3,1,36
543,2,6,1,1,1,1,1,1,3,1,10
544,4,2,1,1,1,2,9,1,3,2,37
545,4,2,1,1,1,2,9,2,3,2,37
546,4,2,1,1,1,3,9,2,3,2,10
547,4,2,1,1,1,3,9,2,3,1,11
548,4,2,1,1,1,4,9,1,3,1,35
549,1,6,1,7,1,1,9,3,3,1,58
550,1,3,1,1,1,1,9,1,3,1,27
551,2,3,1,1,1,1,9,1,3,1,30
552,2,3,1,1,1,1,9,2,3,2,30
553,1,6,1,1,1,1,9,3,3,1,1
554,2,6,1,1,1,1,1,1,3,2,25
555,1,6,1,1,1,1,9,3,3,1,3
556,3,3,1,1,1,3,1,1,2,1,22
557,2,3,1,1,1,2,9,1,3,2,38
558,2,3,1,1,1,2,9,2,3,2,46
559,2,3,1,1,1,2,9,1,3,1,25
560,2,6,1,1,1,2,1,1,3,1,33
561,1,6,1,4,1,1,9,1,3,1,30
562,3,6,1,1,1,3,1,1,3,1,18
563,1,6,1,1,1,1,9,3,3,1,14
564,1,6,1,1,1,1,9,3,3,1,48
565,2,3,1,1,1,1,5,1,2,1,26
566,2,6,1,4,1,2,9,1,3,1,43
567,3,6,1,1,1,1,3,1,2,1,22
568,2,3,1,1,1,2,19,1,3,1,37
569,2,3,1,1,1,1,4,1,2,1,39
570,1,6,1,1,1,1,9,3,3,1,17
571,1,6,1,1,1,1,9,3,2,2,20
572,2,3,1,1,1,1,9,1,3,2,32
573,2,3,1,1,1,2,9,2,3,1,9
574,1,2,1,1,1,1,5,1,2,1,50
575,2,6,1,4,1,2,1,1,3,1,23
576,1,3,1,1,1,1,9,3,2,2,12
577,1,3,1,1,1,1,9,3,2,2,13
578,1,3,1,1,1,1,9,3,3,2,13
579,2,3,1,1,1,2,11,2,3,2,74
580,2,3,1,1,1,2,9,1,3,1,26
581,2,3,1,1,1,2,9,2,3,2,27
582,2,3,1,1,1,2,9,2,3,1,27
583,2,3,1,1,1,2,9,2,3,1,27
584,2,3,1,1,1,1,9,2,2,2,88
585,2,3,1,1,1,1,9,1,2,2,83
586,2,3,1,1,1,2,9,1,3,2,42
587,2,3,1,1,1,2,9,2,3,1,17
588,2,6,1,1,1,1,1,1,2,1,28
589,1,6,1,4,1,1,9,3,3,1,11
590,1,3,1,4,1,1,90,3,3,1,26
591,3,6,1,1,1,3,19,1,3,2,47
592,2,6,1,1,1,2,3,1,3,1,22
593,1,4,1,1,1,1,4,1,3,1,17
594,1,6,1,1,1,1,11,2,3,2,69
595,1,6,1,4,1,1,9,3,2,1,31
596,3,6,1,1,1,1,9,1,3,1,36
597,3,6,1,1,1,2,9,1,3,2,43
598,2,1,1,1,1,2,9,1,3,2,38
599,2,6,1,1,1,2,3,1,3,1,20
600,1,3,1,1,1,1,9,3,3,2,64
601,2,4,1,1,1,2,19,1,3,1,52
602,2,1,1,1,1,1,19,1,3,1,33
603,2,1,1,1,1,2,9,1,3,1,52
604,2,6,1,1,1,2,4,2,3,1,19
605,1,6,1,1,1,1,9,3,3,2,34
606,2,6,2,1,1,2,9,1,3,1,42
607,2,6,2,1,1,2,9,2,3,2,38
608,2,6,1,1,1,1,9,2,3,2,9
609,3,6,1,1,1,2,9,1,3,1,30
610,1,6,1,1,1,1,9,3,3,2,4
611,1,6,1,1,1,1,19,3,3,2,26
612,2,3,1,1,1,1,9,2,3,2,55
613,2,6,1,1,1,1,9,2,3,1,77
614,1,6,1,1,1,1,19,3,3,1,54
615,1,6,2,1,2,1,9,3,2,2,81
616,2,3,1,1,1,2,1,1,3,1,29
617,1,6,1,1,1,1,11,3,2,1,36
618,2,6,1,1,1,2,9,1,3,1,40
619,1,6,2,1,1,1,11,3,2,1,6
620,3,3,1,1,1,2,3,1,3,1,60
621,3,3,1,1,1,3,9,1,3,2,58
622,1,6,1,1,1,1,9,3,2,1,37
623,1,6,1,1,1,1,9,3,3,1,18
624,1,6,1,4,1,1,9,2,2,2,25
625,2,4,1,4,1,1,9,1,3,2,20
626,2,4,1,4,1,2,9,1,3,1,48
627,2,4,1,4,1,2,9,2,3,1,29
628,2,3,1,1,1,2,9,1,3,2,30
629,2,6,1,1,1,2,8,1,3,1,52
630,3,3,1,1,1,2,9,1,3,2,69
631,1,2,1,1,1,1,9,1,3,2,34
632,2,2,1,1,1,2,9,2,3,1,24
633,3,6,1,1,1,2,9,1,3,1,61
634,2,3,1,1,1,2,9,1,3,1,63
635,2,3,1,1,1,2,1,1,3,2,43
636,2,3,1,1,1,2,1,1,3,1,51
637,1,3,1,1,1,1,9,1,2,1,66
638,1,3,1,1,1,1,9,2,3,2,62
639,2,6,1,1,1,1,9,1,3,2,33
640,1,6,2,1,2,1,9,2,3,2,58
641,1,1,1,1,1,1,9,1,3,1,50
642,3,6,1,1,1,3,19,1,3,1,61
643,2,6,1,1,1,1,9,1,3,2,63
644,2,6,1,1,1,1,9,3,3,2,66
645,2,3,1,1,1,2,9,1,3,2,67
646,2,6,1,1,1,2,9,1,3,2,41
647,2,3,1,4,1,1,9,1,3,2,24
648,2,3,1,4,1,2,8,1,3,1,46
649,1,2,1,1,1,1,9,1,3,1,32
650,1,1,3,1,8,1,5,1,3,1,29
651,2,6,1,1,1,1,9,1,3,2,41
652,2,6,1,1,1,1,9,2,3,1,66
653,2,6,1,1,1,1,9,2,3,2,37
654,4,3,1,1,1,1,9,1,3,1,22
655,4,3,1,1,1,2,9,2,3,2,45
656,2,6,2,1,2,2,3,1,3,2,43
657,2,6,1,1,1,2,1,1,2,1,15
658,2,6,2,1,1,2,9,2,3,2,29
659,2,3,2,1,2,2,1,1,3,2,62
660,2,3,2,1,1,2,9,1,3,1,36
661,1,6,2,1,2,1,11,2,3,1,70
662,2,3,1,1,1,2,1,1,3,1,51
663,2,6,1,1,1,2,9,1,3,1,37
664,2,3,1,1,1,1,2,1,3,1,24
665,1,3,2,1,2,1,11,2,3,2,58
666,2,3,2,1,2,1,9,1,3,2,21
667,2,3,2,1,2,2,9,2,3,2,56
668,2,3,1,1,1,2,19,3,3,1,56
669,2,6,2,1,5,2,9,1,2,1,54
670,2,6,2,1,5,1,9,1,2,1,18
671,2,6,2,1,5,1,9,2,2,1,17
672,2,6,2,1,5,1,9,2,3,1,18
673,2,6,2,1,5,1,9,2,3,1,18
674,2,6,2,1,5,1,9,2,3,1,18
675,1,6,2,1,2,1,9,3,3,1,34
676,2,6,2,1,1,1,9,1,3,2,44
677,2,6,2,1,1,1,9,2,3,2,25
678,2,6,2,1,1,2,9,1,3,2,31
679,2,6,2,1,1,2,9,2,3,2,12
680,2,6,2,1,2,2,3,1,3,1,28
681,2,6,1,4,1,2,3,1,3,1,20
682,2,6,1,6,1,1,1,1,3,1,34
683,2,6,1,1,1,2,11,2,3,1,36
684,2,6,1,1,1,2,11,2,3,1,5
685,2,6,1,1,1,2,11,2,3,1,6
686,2,6,1,1,1,2,9,1,3,1,64
687,2,6,1,1,1,2,9,2,3,1,16
688,2,1,1,1,1,2,9,2,3,2,75
689,3,4,1,1,1,1,9,1,3,2,46
690,1,6,1,1,1,1,19,3,3,1,8
691,3,1,1,1,1,3,9,1,3,1,40
692,2,6,1,1,1,2,1,1,3,1,27
693,1,6,1,1,1,1,9,3,2,2,14
694,2,6,1,1,1,2,1,1,3,2,25
695,2,6,1,4,1,1,9,1,3,2,50
696,2,3,1,1,1,2,9,1,3,2,38
697,1,4,1,1,1,1,9,3,2,2,63
698,2,6,1,1,1,2,1,1,2,1,12
699,2,6,1,1,1,1,1,1,3,1,51
700,2,6,1,1,1,2,9,2,3,2,11
701,1,4,1,1,2,1,9,3,2,1,30
702,2,3,1,4,1,2,5,1,3,1,47
703,2,6,1,1,1,2,9,1,3,1,27
704,3,6,1,1,1,2,9,1,3,2,30
705,3,6,1,1,1,2,9,2,3,2,30
706,3,6,1,1,1,2,9,2,3,2,7
707,1,6,1,1,1,1,9,3,3,2,52
708,2,3,1,1,1,2,1,1,3,1,42
709,1,6,1,1,1,1,8,3,3,1,29
710,1,3,1,1,1,1,3,1,2,2,25
711,2,3,1,1,1,2,1,1,3,1,44
712,4,3,1,1,1,2,9,1,3,2,73
713,4,3,1,1,1,3,9,2,3,2,25
714,4,3,1,1,1,3,9,2,3,2,31
715,2,2,1,1,1,2,9,1,3,2,43
716,2,6,1,1,1,1,9,2,3,2,10
717,2,6,1,1,1,2,9,1,3,1,35
718,2,6,1,1,1,1,2,1,3,1,26
719,2,3,1,1,1,2,1,1,3,1,38
720,1,6,1,1,1,1,4,3,3,1,28
721,2,6,1,1,1,2,4,1,3,1,37
722,1,6,1,1,1,1,11,2,3,2,51
723,2,6,1,1,1,2,9,1,3,1,77
724,2,6,1,1,1,2,1,1,3,1,24
725,1,6,1,1,1,1,9,3,3,2,12
726,2,6,1,1,1,1,9,1,3,2,27
727,2,6,1,1,1,2,1,1,2,2,22
728,2,6,1,4,1,1,9,1,3,2,35
729,1,1,1,1,1,1,9,1,3,1,21
730,2,6,1,1,1,1,1,1,3,1,16
731,1,4,1,1,1,1,5,3,2,2,44
732,2,6,1,1,1,1,5,1,3,1,60
733,2,6,1,1,1,2,9,1,3,2,40
734,2,4,1,1,1,2,1,1,3,1,31
735,4,1,1,1,1,2,9,1,3,1,55
736,4,1,1,1,1,3,9,1,3,1,47
737,2,4,1,1,1,2,11,2,2,2,63
738,2,4,1,1,1,2,11,2,3,2,44
739,2,4,1,1,1,2,11,2,3,2,40
740,2,6,2,1,2,2,3,1,3,1,22
741,2,6,1,1,1,2,9,2,3,2,30
742,2,6,2,1,2,1,1,1,2,1,19
743,2,6,1,1,1,2,9,1,3,2,26
744,2,3,2,1,2,2,9,1,3,2,60
745,2,3,2,1,2,2,9,2,3,1,59
746,2,3,1,1,1,2,9,2,3,2,25
747,2,3,1,1,4,1,9,1,2,2,38
748,2,3,1,1,4,2,19,1,3,1,28
749,2,3,1,1,1,1,1,1,3,2,20
750,2,6,1,1,1,1,9,1,3,2,68
751,2,6,1,1,1,2,8,1,3,1,52
752,2,6,1,1,1,2,8,2,3,2,19
753,1,3,1,7,1,1,8,3,3,2,30
754,2,3,1,4,1,2,1,1,1,1,25
755,2,1,1,1,1,1,9,2,3,1,4
756,3,1,1,1,1,1,9,1,3,1,36
757,3,1,1,1,1,2,9,1,3,1,31
758,3,1,1,1,1,2,9,2,3,2,29
759,3,1,1,1,1,2,9,2,3,2,1
760,2,3,1,1,1,2,9,1,3,1,54
761,2,6,1,1,1,2,1,1,3,1,46
762,3,1,1,1,1,1,9,1,3,1,44
763,3,1,1,1,1,1,9,2,3,1,52
764,3,1,1,1,1,2,9,1,3,1,56
765,3,1,1,1,1,2,9,2,3,1,39
766,3,1,1,1,1,3,9,1,3,2,46
767,2,6,1,1,1,2,9,1,3,2,54
768,3,6,1,1,1,1,9,1,3,2,61
769,2,6,1,1,1,1,5,1,2,1,61
770,2,3,1,1,1,1,1,1,2,1,49
771,2,3,1,4,1,2,9,1,3,1,59
772,2,3,1,1,1,2,5,1,3,1,46
773,2,6,1,1,1,1,9,1,3,2,39
774,1,6,1,1,1,1,9,3,3,1,11
775,1,6,2,1,2,1,9,3,3,2,70
776,3,3,2,1,2,1,9,2,3,1,15
777,3,3,2,1,2,1,9,2,3,2,21
778,1,6,1,1,1,1,11,2,3,2,71
779,1,6,1,1,1,1,9,3,2,1,33
780,2,6,1,1,1,2,9,1,3,2,46
781,1,6,1,1,1,1,11,2,3,2,30
782,1,6,1,1,1,1,11,2,3,2,2
783,2,3,1,1,1,2,9,2,3,2,75
784,2,6,1,1,1,2,1,1,3,1,52
785,1,6,1,1,1,1,9,3,2,2,7
786,1,6,1,1,1,1,9,3,2,2,35
787,1,6,1,1,1,1,8,3,2,1,55
788,3,6,2,4,1,3,9,1,3,2,41
789,3,6,2,4,1,3,9,2,3,1,30
790,1,3,1,4,1,1,9,3,3,1,21
791,1,6,1,4,1,1,9,1,3,1,23
792,3,3,1,1,1,1,9,1,3,1,33
793,3,3,1,1,1,2,9,1,3,1,48
794,2,6,2,1,1,1,8,2,3,2,22
795,2,6,1,1,1,2,9,1,3,2,32
796,2,6,1,1,1,2,9,2,3,2,11
797,2,6,1,1,1,2,9,2,3,2,11
798,1,6,1,1,1,1,9,3,2,1,82
799,2,6,2,1,2,2,9,1,3,1,55
800,2,6,1,1,1,2,3,1,2,1,29
801,2,6,1,1,1,2,1,1,3,1,52
802,2,4,2,1,2,2,9,1,3,1,51
803,1,6,2,1,1,1,9,3,3,1,13
804,1,3,1,1,1,1,9,1,2,1,35
805,2,6,2,1,2,2,1,1,3,1,27
806,4,3,2,1,1,3,9,1,3,2,48
807,2,6,2,1,2,2,9,1,3,1,37
808,2,3,2,1,2,2,1,1,2,1,40
809,1,3,2,4,2,1,9,1,3,2,30
810,2,6,2,1,2,2,9,1,2,1,66
811,2,6,2,1,2,2,9,2,2,2,60
812,2,3,2,1,2,2,9,1,3,2,27
813,2,3,2,1,2,2,9,2,3,1,3
814,2,6,2,1,2,2,1,1,3,1,11
815,2,3,1,1,1,2,9,1,3,2,46
816,5,2,1,1,1,3,9,2,3,2,64
817,2,6,2,1,1,1,9,1,3,2,22
818,2,6,2,1,1,2,9,2,3,2,61
819,2,6,2,1,1,2,9,1,3,1,53
820,2,6,1,1,1,2,9,1,3,1,53
821,1,6,2,1,2,1,8,3,3,2,13
822,1,6,2,1,2,1,9,3,3,1,5
823,2,6,1,7,1,1,9,1,2,1,32
824,2,6,1,7,1,2,9,1,2,1,21
825,2,6,1,1,1,1,9,3,2,2,48
826,2,3,1,1,1,1,9,1,3,1,48
827,2,3,1,1,1,2,9,2,3,1,20
828,1,6,1,1,1,1,9,3,3,1,8
829,1,3,1,1,1,1,1,1,3,2,25
830,2,3,1,1,1,1,3,1,3,1,21
831,2,3,1,1,1,1,9,1,3,2,24
832,2,3,1,1,1,2,9,2,3,2,74
833,1,6,1,1,1,1,9,3,2,2,12
834,2,6,2,1,2,2,1,1,3,1,14
835,2,3,2,1,2,2,1,1,3,1,48
836,2,1,2,4,2,2,17,1,3,1,65
837,2,6,2,1,2,2,1,1,3,1,23
838,2,6,1,1,1,1,9,1,3,1,33
839,2,6,1,1,1,2,3,1,2,1,23
840,2,6,1,1,1,2,3,1,3,1,43
841,2,6,1,1,1,2,1,1,3,1,16
842,2,3,1,1,1,2,9,1,3,1,23
843,3,3,1,1,1,3,9,1,3,2,32
844,3,3,1,1,1,3,9,2,3,2,32
845,2,6,1,1,1,1,9,1,3,1,45
846,2,6,1,1,1,2,9,2,3,2,47
847,2,6,1,1,1,1,1,1,3,2,48
848,1,6,1,1,1,1,9,3,2,1,38
849,2,3,1,1,1,2,9,1,3,2,28
850,2,6,1,1,1,2,9,1,3,1,28
851,2,3,1,1,1,2,1,1,3,1,26
852,2,6,1,1,1,2,1,1,3,1,28
853,3,1,1,1,1,1,9,2,3,2,6
854,1,1,2,6,2,1,9,1,3,1,68
855,2,6,1,1,1,1,9,1,3,1,23
856,2,6,1,1,1,1,9,2,3,1,3
857,2,6,1,1,1,2,9,1,3,2,52
858,1,3,1,1,1,1,9,3,3,2,13
859,2,3,1,1,1,1,9,1,3,2,39
860,2,3,1,1,1,2,9,1,3,1,74
861,3,6,1,1,1,3,1,1,2,1,13
862,2,6,1,1,1,1,9,2,2,1,13
863,2,6,1,1,1,1,9,2,3,1,23
864,2,6,1,1,1,2,19,1,3,2,52
865,2,6,1,1,1,2,19,2,3,1,56
866,2,1,1,1,1,1,9,1,3,2,21
867,1,6,2,1,1,1,9,3,3,2,67
868,2,6,2,1,1,2,9,1,3,2,71
869,2,3,1,1,1,2,9,1,3,1,56
870,2,3,1,1,1,2,1,1,2,1,36
871,2,6,1,1,1,1,9,1,3,1,24
872,2,6,1,1,1,2,9,1,3,2,25
873,2,6,1,1,1,1,9,2,3,2,19
874,3,6,2,4,2,2,9,1,3,1,48
875,6,3,2,1,1,1,9,1,2,1,33
876,6,3,2,1,1,1,9,2,2,1,17
877,6,3,2,1,1,1,9,2,1,1,34
878,6,3,2,1,1,1,9,2,2,1,25
879,6,3,2,1,1,1,9,2,1,1,26
880,6,3,2,1,1,2,9,1,2,1,59
881,6,3,2,1,1,4,9,1,3,1,26
882,2,6,1,1,1,2,3,1,3,1,47
883,2,6,1,1,1,1,3,1,3,1,22
884,1,6,2,1,1,1,9,3,3,2,51
885,2,3,1,1,1,2,9,1,3,2,38
886,2,6,1,1,1,1,9,1,2,1,29
887,1,6,1,1,1,1,9,3,3,1,6
888,2,4,1,1,1,1,9,1,3,2,52
889,2,4,1,1,1,2,9,1,3,2,22
890,2,3,1,1,1,1,9,2,3,1,20
891,2,3,1,1,1,2,9,2,3,2,40
892,1,6,1,1,1,1,9,3,3,2,38
893,2,6,1,1,1,2,5,1,2,1,41
894,2,3,1,1,1,2,1,1,3,1,33
895,2,6,1,1,1,1,9,1,2,2,83
896,1,6,1,1,1,1,9,3,3,1,7
897,1,6,1,1,1,1,9,3,3,1,3
898,2,6,1,1,1,2,1,1,2,1,56
899,1,1,1,1,1,1,5,1,3,1,61
900,3,1,1,1,1,1,10,2,3,1,45
901,3,1,1,1,1,3,9,1,3,2,30
902,3,1,1,1,1,1,10,2,3,1,27
903,2,6,1,4,1,2,2,1,3,1,16
904,2,6,2,4,2,1,9,1,3,1,20
905,2,6,2,4,2,2,9,1,3,2,41
906,1,2,1,1,1,1,21,1,3,1,49
907,2,6,1,1,1,2,1,1,3,1,33
908,1,6,1,1,1,1,9,3,3,1,24
909,2,3,1,1,1,2,9,1,3,2,55
910,3,4,1,1,1,2,9,1,3,2,36
911,3,4,1,1,1,2,9,2,3,2,24
912,2,3,1,1,1,2,1,1,3,1,32
913,2,4,1,1,1,2,1,1,3,1,27
914,2,3,1,1,1,2,9,1,3,1,21
915,2,6,1,1,1,2,9,1,3,1,22
916,2,6,1,1,1,2,9,2,3,2,23
917,2,6,1,1,1,2,9,1,3,2,31
918,1,6,1,1,1,1,9,1,3,2,45
919,1,6,1,1,1,1,9,3,3,2,2
920,1,3,1,1,1,1,9,3,3,1,30
921,2,3,1,1,1,2,1,1,3,1,37
922,2,6,1,1,1,2,9,1,2,1,19
923,2,6,1,1,1,2,9,2,2,1,25
924,2,6,1,1,1,1,9,1,3,1,29
925,2,6,1,1,1,2,9,1,3,2,27
926,2,6,1,1,1,2,9,2,3,2,18
927,2,3,1,1,1,2,9,1,3,2,33
928,1,3,1,1,1,1,11,2,3,2,29
929,1,6,1,7,1,1,9,3,3,2,25
930,2,3,1,1,1,2,1,1,3,1,43
931,2,6,1,1,1,2,11,2,3,2,44
932,2,6,1,1,1,2,1,1,2,1,52
933,2,6,1,1,1,1,1,1,3,2,30
934,1,6,1,1,1,1,9,3,3,2,8
935,1,6,1,1,1,1,22,3,3,1,47
936,1,6,1,1,1,1,9,3,3,2,5
937,2,3,1,1,1,1,1,1,3,2,40
938,2,3,1,1,1,1,9,1,3,2,17
939,2,3,1,1,1,2,9,2,3,2,2
940,2,3,1,1,1,2,9,1,3,1,25
941,2,3,1,1,1,2,9,2,3,2,34
942,2,3,1,1,1,2,9,2,3,2,27
943,2,3,1,1,1,2,9,2,3,2,27
944,3,5,1,1,1,2,9,1,3,2,28
945,3,5,1,1,1,2,9,2,3,2,23
946,2,3,1,1,1,1,4,1,3,1,23
947,1,6,1,1,1,1,9,3,2,1,10
948,2,3,1,1,1,1,9,1,3,2,33
949,1,6,1,4,1,1,9,2,1,1,23
950,1,6,1,4,1,1,9,2,3,1,20
951,1,6,1,4,1,1,9,2,2,1,22
952,1,6,1,4,1,1,9,1,2,1,30
953,2,3,1,1,1,1,9,1,3,2,41
954,2,4,1,1,1,2,1,1,3,1,26
955,2,6,1,1,1,2,1,1,3,1,35
956,4,6,1,1,1,1,9,3,2,1,34
957,1,6,1,1,1,1,4,3,3,1,16
958,1,6,1,1,1,1,9,3,3,1,48
959,2,3,1,1,1,2,1,1,3,1,21
960,2,3,1,1,1,2,9,1,3,2,28
961,3,3,1,1,1,2,9,1,3,1,26
962,2,1,1,1,1,1,19,1,3,1,43
963,2,1,1,1,1,2,9,1,3,1,63
964,1,6,1,1,1,1,9,3,2,1,6
965,2,3,1,1,1,2,4,1,3,1,39
966,1,6,1,1,1,1,9,3,3,1,8
967,2,6,1,1,1,1,9,1,3,1,57
968,2,6,1,1,1,2,9,1,3,2,32
969,2,6,1,1,1,2,9,2,3,1,79
970,2,6,1,1,1,2,9,2,3,2,56
971,1,6,1,1,1,1,8,3,3,1,64
972,2,3,1,1,1,2,3,1,3,1,49
973,2,3,1,1,1,2,3,1,3,1,29
974,2,6,1,1,1,2,9,1,3,2,35
975,1,2,1,1,1,1,5,1,2,1,58
976,1,6,1,1,1,1,9,3,3,1,11
977,2,6,1,1,1,2,9,1,3,2,32
978,1,6,1,1,1,1,9,1,2,1,19
979,2,3,1,4,1,1,9,3,1,1,30
980,1,6,2,4,2,1,8,3,3,1,30
981,2,6,1,1,1,2,9,1,3,1,25
982,2,6,1,1,1,2,9,2,3,2,27
983,2,3,1,1,1,2,3,1,3,1,38
984,2,3,1,1,1,1,9,1,3,2,26
985,2,3,1,1,1,2,9,1,3,1,49
986,2,6,1,1,1,1,9,1,3,1,44
987,2,6,1,1,1,2,9,2,3,1,23
988,2,4,1,1,1,1,1,1,3,1,34
989,1,6,1,1,1,1,9,3,3,1,12
990,2,3,1,1,1,1,9,1,3,1,75
991,2,3,1,1,1,2,9,1,3,1,35
992,2,3,1,1,1,2,9,2,3,1,16
993,2,4,1,1,1,1,1,1,3,1,27
994,2,3,1,1,1,2,9,1,3,1,51
995,2,4,1,1,1,2,1,1,3,1,55
996,1,6,1,1,1,1,11,3,2,1,85
997,2,6,1,1,1,1,1,1,3,1,44
998,2,3,1,1,1,2,1,1,3,1,41
999,1,6,1,1,1,1,8,2,3,2,64
1000,2,3,1,1,1,1,9,1,3,1,29
1001,2,3,1,1,1,2,9,1,3,2,34
1002,2,6,1,1,1,1,1,1,3,1,15
1003,2,6,1,1,1,2,9,1,3,1,45
1004,2,6,1,1,1,1,1,1,3,1,31
1005,1,6,1,1,1,1,2,1,3,1,23
1006,4,1,1,1,1,2,9,1,3,1,55
1007,4,1,1,1,1,3,9,1,3,1,40
1008,4,1,1,1,1,3,9,2,2,1,13
1009,4,1,1,1,1,4,9,1,3,1,27
1010,4,1,1,1,1,4,9,2,3,2,26
1011,2,3,2,1,1,2,1,1,2,1,22
1012,2,3,2,1,2,2,1,1,3,1,41
1013,3,3,2,1,2,2,19,1,3,1,53
1014,1,3,2,1,1,1,9,1,3,2,23
1015,1,3,2,1,1,1,9,2,3,1,22
1016,1,3,2,1,1,1,9,2,3,1,23
1017,4,6,2,6,1,2,9,1,2,1,70
1018,4,6,2,6,1,2,9,2,3,2,70
1019,4,6,2,6,1,4,9,1,2,2,46
1020,2,6,2,4,1,2,9,1,3,2,45
1021,1,6,1,1,1,1,97,1,2,1,48
1022,2,6,1,1,1,2,4,1,3,1,53
1023,2,6,1,1,1,2,1,1,3,1,8
1024,2,1,1,1,1,1,9,2,3,1,14
1025,2,1,1,1,1,2,9,1,3,2,52
1026,1,6,1,1,1,1,9,1,3,2,51
1027,2,1,1,1,1,1,9,1,3,1,19
1028,2,1,1,1,1,2,9,1,3,1,27
1029,2,1,1,1,1,2,9,2,3,2,59
1030,2,1,1,1,1,2,9,2,3,1,6
1031,2,6,1,1,1,1,9,1,3,1,32
1032,2,3,1,1,1,2,1,1,3,2,25
1033,1,6,1,1,1,1,5,1,2,1,20
1034,2,6,1,1,1,1,9,1,3,2,27
1035,2,6,2,1,2,1,9,1,3,1,30
1036,2,6,2,1,2,2,9,1,3,1,67
1037,2,6,2,1,2,2,9,2,3,2,67
1038,2,3,2,1,1,1,9,1,3,2,20
1039,2,3,2,1,1,2,9,1,2,2,32
1040,2,3,2,1,1,2,9,2,3,1,32
1041,2,6,1,1,1,1,9,1,3,2,18
1042,2,6,1,4,1,1,1,1,3,1,19
1043,2,6,1,1,1,2,9,1,3,2,35
1044,2,6,1,1,1,2,9,1,3,2,33
1045,2,6,1,1,1,1,1,1,2,1,16
1046,1,6,1,1,1,1,11,2,3,2,77
1047,2,6,1,1,1,2,9,1,3,2,41
1048,2,6,1,1,1,2,9,2,3,2,13
1049,2,6,1,1,1,1,3,1,2,1,19
1050,2,6,1,1,1,2,1,1,3,1,41
1051,2,6,1,1,1,2,1,1,2,2,45
1052,2,3,1,1,1,2,9,1,3,1,60
1053,3,6,1,1,1,2,9,1,2,1,34
1054,1,4,2,1,1,1,8,3,3,2,12
1055,1,4,2,1,1,1,8,2,3,2,30
1056,1,4,2,1,1,1,8,2,3,2,7
1057,1,3,2,1,2,1,9,1,3,2,20
1058,1,3,2,1,2,1,9,1,3,1,21
1059,1,3,2,4,1,1,9,1,3,1,24
1060,1,3,2,4,1,1,9,2,3,2,22
1061,1,3,2,4,1,1,9,2,3,1,21
1062,2,6,1,1,1,1,9,1,3,1,30
1063,2,6,1,1,1,1,9,1,3,1,56
1064,2,6,2,4,2,2,9,1,3,1,34
1065,1,6,1,1,1,1,11,2,3,2,51
1066,2,3,1,1,1,2,9,1,3,2,42
1067,2,3,1,1,1,2,1,1,2,2,68
1068,2,6,1,1,1,2,1,1,3,1,29
1069,2,6,1,1,1,2,3,1,2,1,27
1070,1,3,2,1,1,1,9,3,3,1,8
1071,2,3,2,1,2,1,9,1,2,2,64
1072,2,3,2,1,2,2,9,1,3,2,45
1073,1,6,1,1,1,1,9,3,3,1,4
1074,1,3,1,1,1,1,11,3,3,1,30
1075,2,6,1,1,1,1,5,1,2,1,27
1076,2,6,1,1,1,1,5,2,2,1,13
1077,1,6,1,1,1,1,11,3,3,2,40
1078,2,3,2,1,1,2,4,1,2,1,25
1079,1,6,1,1,1,1,11,2,3,1,28
1080,2,3,1,1,1,2,9,1,3,1,57
1081,4,1,1,1,1,4,9,1,3,2,55
1082,4,1,1,1,1,3,9,1,3,2,21
1083,4,1,1,1,1,2,9,1,3,1,58
1084,2,1,1,1,1,2,9,1,3,2,63
1085,1,6,1,1,1,1,11,3,3,2,27
1086,2,6,1,1,1,1,9,1,3,2,27
1087,2,6,1,1,1,2,9,1,3,1,52
1088,2,6,1,1,1,2,3,1,3,1,17
1089,4,3,1,4,1,1,9,1,3,2,36
1090,4,3,1,4,1,2,9,1,3,2,26
1091,3,6,1,1,1,1,2,1,3,1,22
1092,2,6,1,1,1,1,9,1,2,1,35
1093,2,3,1,1,1,2,1,1,2,1,33
1094,2,6,1,1,1,1,3,1,2,1,16
1095,2,6,1,1,1,1,3,2,3,1,17
1096,2,3,1,1,1,2,1,1,3,2,29
1097,1,3,1,5,1,1,9,1,3,1,21
1098,1,6,1,1,1,1,9,3,3,1,37
1099,2,6,1,1,1,1,1,1,3,1,12
1100,1,2,1,1,1,1,9,1,2,2,61
1101,2,3,1,1,1,2,1,1,3,1,28
1102,2,1,1,1,1,1,9,1,3,2,19
1103,2,1,1,1,1,2,9,1,3,1,20
1104,1,3,1,1,1,1,9,3,3,1,39
1105,2,6,1,1,1,2,5,1,2,1,61
1106,1,3,2,1,2,1,3,1,2,1,41
1107,2,6,2,1,2,2,9,1,3,1,60
1108,1,2,1,1,1,1,9,1,3,2,25
1109,1,2,1,1,1,1,9,2,3,1,26
1110,1,6,2,1,2,1,9,3,3,2,47
1111,2,6,1,1,1,1,19,1,3,1,21
1112,3,3,1,1,1,3,9,1,3,1,64
1113,3,3,1,4,1,1,9,2,2,2,17
1114,2,3,1,1,1,2,9,1,3,2,24
1115,1,6,1,1,1,1,9,3,3,1,41
1116,3,6,1,1,1,2,9,2,3,1,17
1117,2,6,1,1,1,2,9,1,3,1,39
1118,2,6,1,1,1,2,1,1,2,1,52
1119,2,6,1,1,1,2,3,1,3,1,36
1120,2,6,2,1,1,2,3,1,2,1,49
1121,3,6,2,4,1,1,9,1,2,2,50
1122,2,6,1,1,1,1,9,1,3,1,67
1123,2,6,1,1,1,1,9,2,3,2,74
1124,2,6,1,1,1,1,9,2,3,1,63
1125,1,6,1,1,1,1,3,1,2,1,51
1126,4,6,1,1,1,1,9,1,3,1,21
1127,2,6,2,1,1,1,11,2,3,2,68
1128,1,6,1,1,1,1,19,1,3,1,35
1129,1,6,1,1,1,1,19,2,3,1,35
1130,1,6,1,1,1,1,19,2,3,1,29
1131,2,6,1,1,4,2,9,1,3,1,70
1132,3,6,1,1,1,1,9,1,3,2,31
1133,3,6,1,1,1,1,9,2,3,2,4
1134,1,6,1,1,1,1,9,3,2,2,39
1135,2,6,1,1,1,2,9,1,3,2,26
1136,1,3,2,1,2,1,11,3,3,1,51
1137,3,3,2,1,2,2,9,1,2,2,35
1138,2,3,2,1,2,2,8,1,3,1,40
1139,2,6,2,4,1,1,9,1,3,1,26
1140,2,6,1,4,1,1,9,2,3,1,28
1141,2,6,2,1,1,2,9,1,3,2,24
1142,2,6,1,1,1,2,9,1,3,1,43
1143,2,6,1,1,1,2,9,2,3,2,39
1144,2,6,1,1,1,2,9,2,3,1,10
1145,2,6,1,1,1,2,9,2,3,2,7
1146,2,6,2,7,1,2,9,1,3,1,30
1147,2,6,1,1,1,2,1,1,3,1,38
1148,1,6,1,1,1,1,9,3,3,2,25
1149,1,4,1,1,1,1,9,2,2,2,22
1150,1,4,1,1,1,1,9,2,3,2,22
1151,2,6,1,1,1,1,9,1,2,1,89
1152,2,6,1,1,1,2,1,1,3,1,37
1153,1,6,1,1,1,1,9,1,3,1,28
1154,1,6,1,1,1,1,9,2,3,2,20
1155,2,6,1,1,1,2,1,1,3,1,26
1156,3,3,1,1,1,2,9,1,3,2,44
1157,2,6,1,1,1,1,9,1,2,1,25
1158,2,6,1,1,1,1,9,2,3,1,20
1159,2,6,1,1,1,2,9,1,3,1,51
1160,2,6,1,1,1,1,9,1,3,1,83
1161,2,6,1,1,1,2,9,2,3,1,11
1162,2,2,1,1,1,1,9,1,3,1,45
1163,2,2,1,1,1,2,9,2,3,2,59
1164,3,2,1,1,1,2,19,1,3,1,29
1165,3,2,1,1,1,2,19,2,3,1,32
1166,3,2,1,1,1,2,19,2,3,1,24
1167,2,3,1,1,1,1,9,2,3,2,15
1168,1,6,1,1,1,1,2,3,3,1,14
1169,1,6,1,1,1,1,2,3,3,2,32
1170,1,6,1,1,1,1,19,3,3,1,23
1171,2,6,1,1,1,2,1,1,3,1,24
1172,1,6,1,1,1,1,19,3,2,1,26
1173,2,2,1,1,1,1,9,2,3,2,5
1174,2,2,1,1,1,1,9,2,3,1,34
1175,2,3,1,1,1,2,9,1,3,2,29
1176,1,3,1,1,1,1,4,1,2,1,54
1177,1,3,1,1,1,1,9,3,3,1,54
1178,2,1,1,1,1,1,9,2,3,2,52
1179,3,6,1,1,1,2,9,1,2,2,69
1180,3,6,1,1,1,1,9,1,3,2,18
1181,3,1,1,1,1,2,9,1,3,1,39
1182,2,4,1,1,1,1,9,1,3,2,58
1183,3,6,1,1,1,2,9,1,3,2,44
1184,3,6,1,1,1,1,9,1,3,2,53
1185,2,1,1,1,1,2,9,2,3,2,27
1186,2,4,1,1,1,1,90,1,2,1,22
1187,2,4,1,1,1,2,9,1,3,2,32
1188,2,6,1,4,1,1,9,1,3,2,45
1189,2,6,1,6,1,2,9,1,3,1,36
1190,1,6,1,1,1,1,8,3,3,1,2
1191,1,6,1,1,1,1,9,3,3,1,2
1192,2,2,1,7,1,1,8,2,3,2,21
1193,2,2,1,7,1,1,8,2,3,1,23
1194,2,6,1,4,1,1,9,1,2,1,25
1195,2,6,1,1,1,1,9,1,2,2,20
1196,2,6,1,1,1,1,9,2,3,1,21
1197,2,6,1,1,1,1,9,2,2,2,20
1198,2,6,1,1,1,2,9,1,3,2,53
1199,2,6,1,1,1,2,5,1,2,1,47
1200,2,1,1,1,1,1,9,1,2,1,79
1201,2,1,1,1,1,1,9,2,2,2,80
1202,2,3,1,1,1,2,9,2,3,2,65
1203,2,6,1,4,1,2,1,1,2,1,36
1204,1,6,1,4,1,1,9,3,3,1,47
1205,2,3,1,1,1,1,9,1,3,2,19
1206,2,6,1,1,1,2,9,2,3,2,83
1207,2,6,1,1,1,2,1,1,2,1,47
1208,2,1,1,1,1,1,9,1,3,2,45
1209,1,3,1,4,1,1,9,3,3,1,21
1210,5,1,1,1,1,4,9,1,3,1,32
1211,5,1,1,1,1,4,9,2,3,2,27
1212,1,3,1,1,1,1,9,2,3,1,20
1213,2,6,1,1,1,2,9,1,3,1,32
1214,2,6,2,4,1,1,19,1,3,1,29
1215,2,6,2,4,1,1,19,2,3,2,40
1216,2,6,2,4,1,2,19,1,3,1,35
1217,2,6,2,4,1,2,19,2,3,1,28
1218,2,3,1,1,1,2,1,1,2,1,46
1219,2,3,1,1,1,1,1,1,2,1,33
1220,2,3,1,1,1,2,9,2,3,1,7
1221,1,6,2,1,1,1,11,2,3,2,44
1222,2,1,1,1,1,1,9,1,3,2,44
1223,2,3,1,1,1,2,9,1,3,1,40
1224,2,3,1,1,1,2,9,2,3,1,27
1225,1,6,1,1,1,1,9,3,3,2,86
1226,2,3,1,1,1,2,9,1,3,2,34
1227,2,3,1,1,1,2,1,1,3,1,38
1228,2,3,1,1,1,2,1,1,3,1,27
1229,2,6,1,4,1,1,3,1,2,1,20
1230,3,1,1,1,1,1,9,1,3,1,34
1231,3,1,1,1,1,2,9,1,3,1,42
1232,3,1,1,1,1,3,9,1,3,2,24
1233,1,1,1,4,1,1,3,1,1,1,25
1234,1,6,1,1,1,1,9,3,3,2,72
1235,3,2,1,1,1,2,9,1,3,2,24
1236,2,6,1,1,1,1,9,1,3,2,62
1237,2,6,1,1,1,1,9,2,3,2,32
1238,1,6,1,1,1,1,9,2,3,2,3
1239,2,3,1,1,1,2,1,1,3,1,24
1240,1,6,1,5,1,1,9,3,3,1,57
1241,2,1,1,1,1,1,9,1,3,2,24
1242,2,1,1,1,1,1,9,2,3,2,59
1243,1,6,1,1,1,1,9,3,3,2,3
1244,2,6,1,1,1,2,9,1,3,2,29
1245,2,6,1,1,1,2,9,2,3,2,24
1246,2,6,2,4,1,2,4,1,2,1,30
1247,2,6,1,1,1,1,1,1,2,2,52
1248,4,2,1,1,1,3,9,1,3,1,52
1249,4,2,1,1,1,2,9,1,3,1,46
1250,2,6,1,1,1,2,9,1,3,2,42
1251,2,6,1,1,1,2,9,2,3,1,7
1252,3,6,1,4,1,2,9,1,3,1,40
1253,3,6,1,4,1,3,9,1,3,2,35
1254,1,6,1,4,1,1,9,3,3,2,19
1255,2,4,1,1,1,2,9,1,3,1,34
1256,1,6,1,1,1,1,11,3,3,1,95
1257,3,1,1,1,1,2,9,1,3,2,30
1258,3,1,1,1,1,3,9,1,3,1,25
1259,3,1,1,1,1,3,9,2,3,1,20
1260,3,1,1,1,1,3,9,2,3,1,15
1261,1,6,1,4,1,1,9,3,2,1,39
1262,1,6,1,7,1,1,9,3,3,1,40
1263,3,3,1,1,1,1,9,1,3,1,31
1264,2,3,1,1,1,1,1,1,3,1,12
1265,2,3,1,1,1,2,9,1,3,1,44
1266,2,6,1,4,1,1,9,3,2,1,48
1267,1,3,2,1,2,1,9,3,3,1,11
1268,2,3,2,4,1,1,9,2,2,1,24
1269,2,3,2,4,1,2,9,1,3,1,19
1270,2,3,1,1,1,1,19,1,3,1,35
1271,2,3,1,1,1,2,1,1,3,1,32
1272,2,6,1,1,1,1,5,1,2,1,20
1273,2,6,1,1,1,1,5,2,2,1,19
1274,2,6,1,1,1,2,9,1,3,2,31
1275,2,6,1,1,1,2,19,1,3,1,40
1276,2,3,1,1,1,1,3,1,3,1,19
1277,2,6,1,1,1,2,9,1,3,2,32
1278,3,2,1,1,1,2,9,1,2,2,28
1279,2,3,2,1,1,2,1,1,3,1,20
1280,2,6,1,1,1,1,1,1,3,1,12
1281,2,6,1,1,1,2,11,2,3,2,3
1282,2,6,1,1,1,1,9,1,3,2,62
1283,2,6,1,1,1,2,9,2,3,1,27
1284,2,6,1,4,1,2,1,1,3,1,21
1285,2,6,1,1,1,2,1,1,3,1,29
1286,2,3,1,1,1,2,9,1,3,1,55
1287,3,3,1,1,1,1,9,1,3,2,27
1288,3,3,1,1,1,2,9,1,3,1,24
1289,2,6,1,1,1,1,9,1,3,1,34
1290,1,6,1,4,1,1,9,3,2,1,20
1291,2,3,1,1,1,1,9,1,3,2,47
1292,2,3,1,1,1,2,9,1,3,1,40
1293,2,3,1,1,1,2,3,1,2,1,30
1294,3,2,1,1,1,2,9,1,3,2,54
1295,3,2,1,1,1,3,9,1,3,2,29
1296,2,6,1,4,1,1,9,1,2,2,24
1297,2,6,1,4,1,1,9,2,3,1,69
1298,2,6,1,4,1,2,9,1,3,1,23
1299,1,3,1,1,1,1,11,2,3,2,50
1300,2,6,1,1,1,2,1,1,3,1,37
1301,3,2,1,1,1,2,9,1,3,2,70
1302,3,2,1,1,1,3,9,2,3,2,22
1303,2,3,1,4,1,1,9,1,3,1,31
1304,2,3,1,4,1,2,9,2,3,2,7
1305,2,3,1,1,1,1,1,1,2,2,56
1306,1,3,1,1,1,1,3,1,2,1,16
1307,1,3,2,6,1,1,9,1,2,2,40
1308,1,6,2,4,2,1,9,3,3,1,30
1309,2,6,1,1,1,2,1,1,3,2,32
1310,1,3,1,1,1,1,9,1,2,2,68
1311,2,3,1,1,1,2,9,2,3,2,21
1312,2,6,1,1,1,2,3,1,3,1,39
1313,1,6,1,1,1,1,9,3,3,1,11
1314,2,3,1,4,1,1,9,2,3,1,22
1315,2,3,1,1,1,2,1,1,2,1,27
1316,2,6,1,1,1,2,1,1,3,1,25
1317,2,3,1,1,1,1,9,1,3,2,44
1318,2,3,1,1,1,1,9,1,3,1,35
1319,2,3,1,1,1,1,9,2,3,1,33
1320,2,3,1,1,1,1,3,1,2,1,21
1321,2,6,1,1,1,2,1,1,3,1,40
1322,2,6,1,1,1,1,9,1,3,2,38
1323,2,3,1,1,1,1,5,1,3,1,21
1324,2,1,1,1,1,2,9,1,3,1,31
1325,2,6,1,4,1,2,1,1,2,1,33
1326,2,6,1,1,1,2,1,1,3,1,19
1327,2,4,1,1,1,2,8,1,3,1,40
1328,1,6,1,1,1,1,3,3,2,2,86
1329,2,6,1,1,1,1,9,1,3,1,34
1330,2,6,1,1,1,2,9,1,3,1,51
1331,1,4,1,1,1,1,8,3,3,1,30
1332,2,6,1,1,1,2,11,2,3,2,50
1333,2,4,1,4,1,2,1,1,3,1,16
1334,1,6,1,1,1,1,9,3,2,2,33
1335,2,6,1,1,1,1,9,1,3,1,40
1336,2,6,1,1,1,2,9,1,3,1,35
1337,1,6,1,1,1,1,9,3,3,2,35
1338,2,3,1,1,1,2,1,1,2,1,71
1339,2,6,1,1,1,2,11,2,3,2,27
1340,1,6,1,7,1,1,9,3,3,2,32
1341,2,6,1,1,1,2,1,1,3,1,45
1342,1,3,1,1,1,1,11,2,3,2,35
1343,2,1,1,6,1,2,9,1,3,1,46
1344,2,6,1,1,1,2,1,1,3,1,32
1345,2,6,1,1,1,2,9,1,3,2,35
1346,3,6,1,1,1,1,97,2,2,1,24
1347,3,3,1,1,1,3,8,1,3,1,41
1348,3,3,1,1,1,3,8,2,3,1,40
1349,2,6,1,1,1,2,3,1,2,1,26
1350,2,6,1,1,1,2,1,1,2,1,8
1351,2,3,1,1,1,2,9,1,3,1,64
1352,2,6,1,1,1,2,9,1,3,2,76
1353,2,3,1,1,1,2,9,1,3,1,22
1354,1,4,1,4,1,1,9,3,3,2,82
1355,2,6,1,1,1,2,9,1,3,1,48
1356,2,6,1,1,1,2,1,1,2,2,45
1357,2,6,1,4,1,1,9,1,3,1,31
1358,2,3,1,1,1,1,9,1,3,1,58
1359,2,1,1,1,1,1,19,1,2,1,50
1360,2,6,2,1,1,1,1,1,2,1,29
1361,2,6,2,1,1,2,9,1,3,1,18
1362,2,3,1,1,1,2,1,1,2,1,51
1363,2,6,2,1,1,2,1,1,3,1,40
1364,6,2,5,1,2,1,9,1,3,2,24
1365,6,2,5,1,2,2,21,2,3,2,24
1366,1,3,2,1,2,1,9,3,3,2,19
1367,2,3,1,1,1,2,1,1,3,2,32
1368,5,4,2,1,2,2,9,1,3,1,23
1369,5,4,2,1,2,3,9,1,3,2,40
1370,2,6,2,4,2,1,9,1,2,1,20
1371,1,4,1,1,1,1,9,3,3,1,12
1372,1,6,2,1,1,1,9,3,3,1,11
1373,2,2,1,1,1,2,20,1,3,1,59
1374,2,6,1,1,1,2,1,1,2,1,44
1375,2,3,1,1,1,2,19,1,3,1,28
1376,3,6,1,1,1,2,1,1,2,1,74
1377,2,2,1,1,1,1,9,1,2,1,77
1378,1,3,2,1,2,1,2,1,3,1,16
1379,1,6,2,1,2,1,8,3,2,1,34
1380,2,6,2,1,2,2,1,1,3,1,41
1381,2,6,2,4,2,1,9,2,2,1,30
1382,2,3,1,4,1,2,1,1,3,1,24
1383,2,6,1,1,1,2,9,1,3,2,50
1384,2,6,2,1,1,2,9,1,3,2,46
1385,2,6,1,1,1,2,9,1,3,2,35
1386,2,6,2,1,2,1,9,1,3,1,27
1387,2,6,2,1,2,2,9,1,3,1,65
1388,2,6,2,1,2,2,9,2,3,1,35
1389,2,6,2,1,2,2,9,2,2,2,36
1390,2,6,2,1,2,2,9,2,2,2,33
1391,2,6,2,1,2,2,9,2,3,1,1
1392,2,6,2,1,2,2,9,3,3,2,10
1393,2,6,2,1,2,2,9,3,3,1,45
1394,2,6,2,1,2,2,9,3,3,1,4
1395,2,6,2,1,2,2,9,3,3,1,5
1396,2,6,2,1,2,2,9,3,3,2,33
1397,2,6,2,1,2,2,9,3,3,1,1
1398,2,6,2,1,2,2,9,3,3,2,49
1399,2,3,2,1,2,2,9,1,3,1,49
1400,4,6,1,1,1,2,9,1,3,1,28
1401,1,6,1,1,1,1,11,3,2,1,41
1402,2,6,2,1,1,2,1,1,3,1,45
1403,1,6,1,1,1,1,19,3,3,2,31
1404,2,6,1,1,1,2,1,1,2,1,34
1405,2,3,2,1,2,2,1,1,2,2,53
1406,1,6,2,1,2,1,9,3,3,1,9
1407,2,3,2,1,2,2,1,1,3,1,57
1408,2,6,2,1,2,2,1,1,3,1,17
1409,1,6,1,1,1,1,9,3,3,2,17
1410,2,6,1,1,1,1,9,1,3,2,36
1411,2,6,1,1,1,2,9,2,3,1,43
1412,2,6,1,1,1,2,1,1,3,2,33
1413,1,3,1,1,1,1,9,3,3,2,31
1414,1,3,1,1,1,1,9,1,3,1,30
1415,1,6,1,1,1,1,11,3,2,1,18
1416,2,6,1,4,1,2,1,1,3,1,55
1417,2,6,2,1,1,2,1,1,3,1,49
1418,1,6,1,1,1,1,9,2,3,2,27
1419,2,6,1,1,1,2,1,1,3,1,44
1420,2,6,2,1,2,1,9,1,3,2,43
1421,2,6,2,1,2,2,9,1,3,1,20
1422,2,6,2,4,2,2,9,1,3,1,42
1423,2,6,2,4,2,2,9,2,3,1,20
1424,2,6,2,4,2,2,9,2,3,1,19
1425,3,1,2,1,5,1,19,1,3,1,43
1426,3,1,2,1,5,2,9,1,3,1,43
1427,3,1,2,1,5,2,9,2,3,1,34
1428,2,1,1,1,1,2,9,1,3,1,60
1429,2,1,1,1,1,2,9,2,3,2,56
1430,3,6,1,1,1,1,9,2,3,2,20
1431,2,6,1,1,1,2,9,1,3,2,38
1432,2,6,1,4,1,2,9,1,2,1,35
1433,2,6,1,4,1,1,9,1,2,1,18
1434,2,6,1,4,1,1,9,2,3,2,17
1435,2,6,1,4,1,1,9,2,3,2,16
1436,2,6,1,4,1,1,9,2,3,1,18
1437,2,6,1,4,1,1,9,2,3,1,15
1438,2,6,1,1,1,1,9,2,3,1,9
1439,2,6,2,4,1,2,1,1,3,2,22
1440,1,3,1,1,1,1,11,2,3,2,30
1441,1,3,5,6,2,1,19,1,2,1,47
1442,2,3,2,4,1,1,8,1,3,1,39
1443,2,3,2,4,1,2,9,2,3,2,25
1444,1,6,1,7,1,1,8,3,3,1,49
1445,2,6,2,1,2,2,9,1,3,2,58
1446,1,6,1,1,1,1,9,3,3,2,12
1447,2,3,1,1,1,2,1,1,3,2,44
1448,2,3,1,1,1,2,1,1,2,1,29
1449,1,6,1,1,1,1,9,1,3,1,27
1450,1,6,1,1,1,1,9,2,3,1,24
1451,1,6,2,1,2,1,9,3,3,1,70
1452,2,3,2,4,2,1,19,1,3,1,64
1453,2,3,2,4,2,2,9,1,3,1,53
1454,2,3,1,1,1,2,1,1,3,1,32
1455,2,4,2,1,1,2,1,1,3,1,37
1456,2,6,2,1,2,2,9,2,3,1,1
1457,2,1,2,4,5,1,9,1,3,2,25
1458,2,1,2,4,5,2,9,1,3,1,25
1459,2,6,2,1,1,1,19,1,2,1,55
1460,1,6,1,1,1,1,9,3,3,1,27
1461,2,3,1,1,1,2,1,1,3,1,33
1462,2,1,1,1,1,2,19,1,3,1,33
1463,2,3,1,1,1,1,9,2,3,1,5
1464,4,2,1,1,1,3,9,2,3,2,51
1465,2,6,2,1,2,2,9,1,3,2,25
1466,3,2,1,1,1,3,9,1,3,1,28
1467,2,4,2,1,1,1,2,1,3,2,16
1468,3,1,1,1,1,2,9,1,3,1,38
1469,2,3,1,1,1,2,9,1,3,1,30
1470,2,3,1,1,1,2,9,2,3,2,8
1471,2,3,1,1,1,1,9,1,3,1,45
1472,2,3,1,1,1,2,9,1,3,1,29
1473,2,3,1,1,1,1,5,1,3,1,53
1474,2,6,2,4,1,2,1,1,3,1,49
1475,2,6,2,1,2,1,9,1,3,1,81
1476,2,6,2,1,2,1,9,2,3,2,78
1477,2,3,2,1,1,2,9,1,3,1,28
1478,2,3,2,4,1,2,9,1,2,1,70
1479,2,3,2,4,1,1,9,2,3,1,18
1480,1,6,2,4,1,1,19,3,3,2,16
1481,3,1,1,1,1,1,9,2,3,1,25
1482,2,3,1,7,1,1,9,1,3,1,69
1483,2,3,1,7,1,2,9,1,2,2,61
1484,2,6,1,4,1,2,9,1,3,1,27
1485,2,6,2,1,1,2,1,1,2,2,18
1486,1,6,2,1,2,1,9,3,3,1,21
1487,2,3,2,1,2,1,2,1,3,1,17
1488,2,3,2,1,2,1,3,1,2,1,28
1489,2,3,2,1,2,2,9,1,3,1,71
1490,1,6,1,1,1,1,9,3,3,1,6
1491,2,6,1,4,1,2,9,2,3,1,36
1492,2,6,1,4,1,1,9,1,3,1,45
1493,3,1,1,1,1,1,9,1,3,2,30
1494,3,1,1,1,1,2,9,1,3,2,39
1495,1,2,1,1,1,1,9,1,3,2,26
1496,3,6,2,1,1,2,9,1,3,2,58
1497,1,6,1,1,1,1,20,3,3,2,32
1498,2,1,1,1,1,2,19,1,3,1,40
1499,2,6,1,1,1,1,3,1,3,1,21
1500,2,3,1,1,1,1,5,1,3,1,51
1501,2,3,1,1,1,2,1,1,2,1,55
1502,1,6,1,1,1,1,9,3,3,1,9
1503,2,3,1,1,1,2,1,1,2,1,20
1504,1,6,1,4,1,1,9,3,3,1,26
1505,1,6,1,4,1,1,9,3,3,1,15
1506,1,6,1,5,1,1,9,3,3,2,50
1507,2,3,2,1,2,2,9,1,3,1,37
1508,2,6,1,1,1,2,9,2,3,1,11
1509,2,6,1,1,1,1,3,1,2,1,16
1510,3,3,2,4,2,3,9,1,3,1,55
1511,3,3,2,4,2,3,9,2,2,2,48
1512,2,4,2,4,1,1,9,2,3,2,31
1513,1,6,2,6,2,1,9,1,3,1,19
1514,1,6,2,6,2,1,9,2,3,1,19
1515,2,6,2,1,1,1,1,1,3,1,23
1516,2,6,1,1,1,1,9,1,3,1,27
1517,1,6,1,1,1,1,11,2,3,2,89
1518,1,6,1,1,1,1,11,2,3,2,53
1519,2,6,1,1,1,2,8,2,2,2,27
1520,2,6,2,4,1,1,9,3,2,2,44
1521,2,6,2,1,1,1,9,1,3,1,71
1522,2,6,2,4,1,2,9,3,3,1,18
1523,1,6,2,6,1,1,9,1,3,1,39
1524,2,3,2,4,1,2,9,1,3,1,26
1525,2,3,2,4,1,2,9,2,3,1,22
1526,2,4,2,1,2,1,9,1,3,2,45
1527,1,3,1,1,1,1,21,1,3,1,31
1528,1,6,1,1,1,1,9,3,2,1,8
1529,4,1,1,1,1,3,9,1,3,1,40
1530,2,3,1,1,1,2,9,1,3,2,38
1531,4,2,1,1,1,2,9,1,3,1,26
1532,4,2,1,1,1,3,19,1,3,1,26
1533,2,6,1,1,1,1,1,1,3,1,9
1534,2,3,2,4,1,2,9,1,3,1,54
1535,2,1,1,1,1,2,9,1,3,2,72
1536,1,6,1,1,1,1,5,1,2,1,57
1537,1,3,1,1,1,1,9,3,3,1,23
1538,2,3,2,4,2,2,3,1,3,1,49
1539,2,3,1,1,1,2,9,1,3,1,39
1540,1,6,2,1,2,1,9,3,3,2,10
1541,1,4,1,1,1,1,9,3,3,1,39
1542,2,6,2,1,2,2,9,3,3,2,46
1543,2,6,2,1,2,2,1,1,3,1,39
1544,2,6,2,4,2,2,1,1,2,1,33
1545,2,3,1,4,1,2,9,1,3,1,27
1546,2,3,1,4,1,2,9,2,3,2,28
1547,1,6,2,4,2,1,9,3,3,2,41
1548,2,6,2,1,2,2,3,1,3,1,29
1549,2,3,1,1,1,2,1,1,3,1,19
1550,2,6,1,4,1,2,3,1,3,1,18
1551,1,3,1,1,1,1,11,3,2,1,18
1552,1,6,1,1,1,1,9,3,3,1,84
1553,2,3,1,4,1,1,9,1,3,1,30
1554,2,3,1,4,1,2,9,1,3,1,40
1555,3,3,1,4,1,2,9,1,3,2,20
1556,2,6,1,4,1,2,1,1,2,1,45
1557,2,6,1,4,1,2,1,1,3,1,22
1558,1,6,2,4,1,1,9,3,3,1,20
1559,1,3,1,1,1,1,9,3,3,2,18
1560,2,3,1,1,1,2,9,1,3,2,59
1561,2,6,1,1,1,2,9,1,3,2,72
1562,2,3,2,4,2,2,9,1,3,1,21
1563,2,4,2,4,2,1,3,1,3,1,19
1564,1,3,2,4,2,1,9,3,3,1,29
1565,1,6,1,1,1,1,9,3,2,2,59
1566,2,6,2,4,5,2,9,1,3,1,36
1567,3,1,2,6,2,1,9,2,3,2,59
1568,2,1,1,6,1,1,9,1,3,1,35
1569,1,6,2,4,2,1,11,2,3,1,75
1570,1,6,2,1,2,1,9,3,3,1,38
1571,2,3,2,1,2,2,3,1,3,1,22
1572,1,3,2,1,2,1,9,3,2,1,48
1573,1,6,2,6,8,1,9,3,1,1,65
1574,1,6,2,6,8,1,9,3,2,1,52
1575,1,6,2,1,1,1,9,3,3,2,14
1576,4,3,2,6,1,1,19,1,3,1,27
1577,4,3,2,6,1,1,19,2,3,2,39
1578,2,1,2,1,2,1,21,3,1,1,47
1579,2,1,1,1,1,2,19,1,3,2,51
1580,1,6,2,4,2,1,19,3,1,2,75
1581,1,4,1,1,1,1,9,3,3,1,11
1582,2,6,2,4,1,2,9,1,3,1,43
1583,2,6,2,4,1,2,9,2,3,1,26
1584,1,6,2,1,1,1,9,1,3,1,21
1585,2,6,1,1,1,2,1,1,3,1,26
1586,1,6,1,1,1,1,9,3,2,2,64
1587,2,6,2,4,8,2,5,1,3,1,53
1588,2,3,1,1,1,1,9,1,3,1,83
1589,2,3,1,1,1,1,9,2,3,1,89
1590,2,3,1,1,1,1,9,2,2,1,81
1591,2,6,2,1,2,2,9,1,3,2,45
1592,2,6,2,4,2,2,9,1,3,2,56
1593,1,6,4,4,8,1,9,1,3,1,18
1594,1,6,1,1,1,1,8,3,3,2,56
1595,1,6,2,4,2,1,9,3,3,1,73
1596,1,3,2,4,1,1,9,3,2,1,20
1597,2,3,2,1,2,1,5,1,3,1,54
1598,2,4,2,1,2,1,9,1,3,2,28
1599,2,4,2,1,2,2,9,1,3,1,39
1600,2,6,1,7,1,2,9,2,3,1,12
1601,2,6,1,7,1,2,9,2,3,1,9
1602,2,6,1,7,1,2,9,2,3,2,10
1603,1,6,2,1,2,1,9,3,3,2,5
1604,1,6,2,6,2,1,3,3,2,2,33
1605,2,6,2,4,5,2,9,1,3,2,35
1606,3,3,2,4,2,1,9,1,3,1,52
1607,1,6,1,7,1,1,9,3,3,2,16
1608,1,3,5,4,2,1,9,1,3,1,30
1609,1,3,5,4,2,1,9,2,2,1,27
1610,2,3,2,1,1,1,19,1,3,1,43
1611,2,3,2,1,1,1,19,2,3,1,60
1612,2,3,2,1,1,2,9,1,3,1,49
1613,2,3,1,1,1,2,9,1,3,2,27
1614,1,6,2,1,1,1,19,3,2,2,59
1615,2,3,1,1,1,2,2,1,3,1,25
1616,2,6,2,1,1,1,9,2,3,2,39
1617,2,6,2,1,1,1,9,2,3,2,49
1618,2,6,2,1,1,1,9,2,3,2,12
1619,1,6,2,1,1,1,9,3,3,2,4
1620,4,1,2,6,1,2,9,1,3,2,40
1621,4,1,2,6,1,3,9,1,3,1,54
1622,2,3,2,4,1,1,1,1,3,1,63
1623,2,1,2,4,1,1,9,1,3,1,38
1624,2,1,2,4,1,2,9,1,3,1,54
1625,2,1,2,4,1,2,9,2,3,2,75
1626,1,6,2,1,4,1,9,3,3,1,18
1627,3,6,2,4,1,1,9,1,3,1,38
1628,1,3,2,4,1,1,9,1,2,1,18
1629,1,1,1,1,1,1,9,1,3,2,32
1630,1,1,1,1,1,1,9,2,3,1,8
1631,1,1,1,1,1,1,9,2,3,1,6
1632,1,1,1,1,1,1,9,2,3,2,1
1633,1,1,2,1,1,1,9,1,3,2,26
1634,2,3,2,4,2,2,9,1,3,2,68
1635,2,3,2,4,2,2,9,2,3,1,14
1636,1,3,1,7,1,1,9,3,3,2,47
1637,1,6,2,6,5,1,9,1,3,1,19
1638,1,6,2,6,5,1,9,2,3,2,18
1639,2,3,1,4,1,2,9,2,2,1,50
1640,3,1,2,1,1,1,9,1,3,1,27
1641,3,1,2,1,1,2,9,1,3,1,50
1642,1,6,2,4,2,1,9,3,2,2,79
1643,1,6,1,1,1,1,9,3,2,2,16
1644,2,3,2,4,2,1,9,1,3,1,40
1645,2,3,2,4,2,2,11,1,3,1,49
1646,1,6,1,1,1,1,9,3,3,2,19
1647,1,6,2,1,1,1,10,3,3,1,19
1648,1,4,2,4,2,1,9,3,3,1,8
1649,1,6,2,1,2,1,9,3,3,1,74
1650,1,6,2,6,1,1,21,1,2,1,38
1651,2,3,1,1,1,1,1,1,3,1,17
1652,2,6,1,1,1,2,1,1,3,1,29
1653,2,3,2,1,1,2,9,1,3,1,26
1654,2,3,1,4,1,2,9,1,3,1,57
1655,2,3,2,1,1,2,9,1,3,2,30
1656,2,3,2,1,1,2,9,2,2,2,60
1657,2,3,2,1,1,2,9,2,3,2,25
1658,2,6,2,4,2,2,1,1,3,1,54
1659,2,6,2,1,2,1,9,1,3,2,50
1660,2,6,2,1,1,2,9,1,3,1,63
1661,1,6,2,4,2,1,9,3,2,2,69
1662,2,6,1,1,1,2,3,1,3,1,17
1663,1,6,2,4,2,1,9,1,2,1,29
1664,1,6,2,6,2,1,9,3,3,2,41
1665,4,2,2,6,2,1,9,1,3,1,40
1666,2,6,2,4,1,2,9,2,3,2,34
1667,2,6,2,4,1,2,9,2,3,2,12
1668,2,6,2,4,1,2,9,2,3,2,10
1669,1,4,2,4,2,1,9,3,3,1,46
1670,1,3,2,5,2,1,9,3,2,1,50
1671,1,3,2,4,1,1,3,1,2,1,42
1672,1,3,2,4,1,1,3,3,2,1,37
1673,4,2,1,1,1,2,9,1,3,2,50
1674,4,2,1,1,1,2,9,2,3,1,52
1675,4,2,1,1,1,3,9,1,3,2,60
1676,4,2,1,1,1,3,9,2,3,1,61
1677,2,6,1,4,8,2,1,1,3,2,24
1678,1,6,1,1,1,1,9,3,2,1,85
1679,1,6,2,4,1,1,9,3,3,2,52
1680,2,6,1,4,1,2,4,1,3,1,24
1681,2,6,4,1,1,1,9,1,3,2,40
1682,2,6,4,1,1,1,9,2,3,1,12
1683,2,6,4,1,1,1,9,1,3,2,22
1684,2,6,4,1,1,1,9,1,3,2,43
1685,2,1,1,1,1,1,9,1,3,1,27
1686,2,1,1,1,1,2,20,1,3,1,24
1687,2,1,1,1,1,2,20,2,3,1,18
1688,1,3,1,1,1,1,11,3,2,1,38
1689,1,3,1,4,1,1,9,3,3,1,11
1690,2,3,1,4,1,2,9,2,3,1,55
1691,2,3,1,4,1,2,8,1,3,1,31
1692,3,1,1,1,1,1,9,1,3,2,59
1693,3,1,1,1,1,3,21,1,3,1,55
1694,4,3,2,1,2,1,9,1,3,2,86
1695,4,3,2,1,2,2,19,1,3,1,36
1696,2,3,2,1,1,1,9,1,3,1,41
1697,2,3,2,1,1,2,9,1,3,1,31
1698,2,3,1,4,1,2,8,1,3,1,46
1699,2,3,1,6,1,2,9,1,3,2,27
1700,2,3,1,4,1,2,1,1,3,2,39
1701,2,6,2,4,2,2,9,1,3,2,35
1702,2,6,2,4,2,2,3,1,3,1,54
1703,4,3,2,4,1,1,9,1,3,1,26
1704,4,3,2,4,1,1,9,2,3,1,24
1705,4,3,2,4,1,1,9,2,3,2,20
1706,4,3,2,4,1,2,9,1,3,1,44
1707,4,3,2,4,1,3,9,1,3,1,27
1708,2,6,2,4,1,2,8,1,3,1,42
1709,1,6,2,1,1,1,9,3,2,2,11
1710,2,6,1,1,1,2,19,1,3,1,53
1711,2,3,1,1,1,2,1,1,2,1,47
1712,1,3,2,4,1,1,9,2,3,1,83
1713,2,3,2,4,1,2,9,1,3,1,50
1714,2,6,2,4,2,2,1,1,3,2,10
1715,3,3,2,4,2,1,9,1,3,1,89
1716,2,6,2,1,2,2,9,1,3,1,25
1717,2,4,2,6,2,2,9,1,3,2,39
1718,2,1,2,1,2,2,9,1,3,2,55
1719,1,6,1,1,1,1,9,3,3,2,11
1720,1,6,1,4,1,1,9,3,3,2,13
1721,1,6,2,4,1,1,9,1,3,1,32
1722,2,6,2,1,1,2,1,1,3,1,26
1723,2,6,1,4,1,2,1,1,3,1,32
1724,1,6,2,1,1,1,9,3,3,1,41
1725,1,6,2,1,1,1,9,3,3,1,31
1726,1,6,1,4,1,1,19,3,2,1,73
1727,2,6,2,1,1,2,1,1,3,1,30
1728,1,3,2,4,2,1,19,3,2,2,15
1729,2,6,2,1,1,1,9,1,3,2,23
1730,2,6,2,4,1,2,1,1,3,1,49
1731,3,3,2,1,2,2,9,1,3,2,56
1732,2,6,2,1,2,1,9,1,3,2,17
1733,1,6,2,4,1,1,19,3,3,2,16
1734,1,6,2,4,1,1,19,3,3,2,16
1735,3,3,1,4,1,1,9,1,3,1,21
1736,3,3,1,4,1,2,9,1,3,1,30
1737,2,6,2,4,2,2,9,1,3,2,23
1738,1,6,2,6,1,1,9,1,2,1,87
1739,1,3,2,4,2,1,11,3,3,2,20
1740,2,1,2,4,2,1,9,2,3,2,43
1741,2,6,2,4,2,1,9,1,3,2,26
1742,2,6,2,4,2,1,9,2,3,2,36
1743,2,6,2,4,2,2,9,1,3,1,41
1744,2,3,2,4,2,2,9,1,2,1,47
1745,1,6,2,4,1,1,9,3,2,1,27
1746,5,4,2,4,2,1,9,1,2,1,26
1747,2,6,2,1,1,2,1,1,3,1,35
1748,3,2,2,1,1,2,19,1,3,1,41
1749,2,3,2,4,2,1,1,1,3,1,38
1750,2,3,1,4,1,2,1,1,3,1,13
1751,2,6,4,4,1,1,9,1,3,2,27
1752,2,3,1,1,1,1,9,1,3,1,26
1753,2,6,2,1,1,1,9,2,3,2,29
1754,2,6,2,1,1,1,9,2,3,2,50
1755,2,6,2,1,1,2,9,1,3,1,45
1756,2,6,2,4,1,2,1,1,2,2,31
1757,2,6,1,4,1,2,9,2,3,2,47
1758,2,3,1,4,1,2,9,1,3,1,35
1759,1,6,1,4,1,1,9,3,2,1,39
1760,2,6,1,1,1,1,9,1,3,1,57
1761,2,6,1,1,1,2,9,1,3,2,42
1762,2,6,1,1,1,2,9,2,3,1,41
1763,2,6,2,4,2,2,9,2,3,1,24
1764,2,3,1,4,1,1,9,1,3,1,88
1765,2,3,1,4,1,2,9,1,3,2,27
1766,1,3,2,4,1,1,9,1,3,1,21
1767,2,4,2,1,1,1,9,2,3,1,29
1768,1,6,1,4,1,1,9,3,3,2,36
1769,1,6,1,4,1,1,9,3,3,2,12
1770,1,6,1,4,1,1,9,3,3,1,8
1771,1,6,1,4,1,1,9,3,3,2,34
1772,2,6,1,4,1,2,3,1,2,1,20
1773,2,3,4,4,1,1,9,1,3,1,37
1774,2,3,4,4,1,2,9,1,3,2,27
1775,2,6,1,1,1,1,9,1,3,2,28
1776,1,3,1,1,1,1,3,1,2,1,25
1777,2,3,1,1,1,2,1,1,3,1,49
1778,1,3,1,1,1,1,9,3,2,2,16
1779,1,6,1,1,1,1,11,3,2,2,20
1780,1,6,1,4,1,1,10,3,3,2,76
1781,5,1,1,4,1,1,9,1,3,2,39
1782,5,1,1,4,1,2,9,1,3,2,53
1783,5,1,1,4,1,3,19,1,3,1,54
1784,2,6,1,4,1,2,9,1,3,1,30
1785,2,6,1,1,1,2,9,1,3,2,44
1786,2,3,1,1,1,1,9,1,3,2,48
1787,2,3,1,1,1,2,9,1,3,1,58
1788,2,6,1,1,1,2,1,1,3,1,31
1789,1,1,1,1,1,1,19,3,2,1,43
1790,2,6,1,1,1,2,3,1,2,1,18
1791,1,6,1,6,1,1,9,3,3,1,11
1792,2,3,1,7,1,2,9,1,3,1,28
1793,2,6,2,4,1,2,3,1,2,1,26
1794,3,6,1,4,1,2,9,1,3,1,33
1795,5,2,1,1,1,5,9,1,3,2,39
1796,5,2,1,1,1,3,9,1,3,1,40
1797,5,2,1,1,1,3,9,2,3,1,38
1798,5,2,1,1,1,1,9,1,3,2,37
1799,2,6,1,1,1,2,1,1,2,1,37
1800,2,3,1,1,1,2,9,1,3,2,56
1801,2,3,1,1,1,2,9,2,3,2,20
1802,1,6,2,1,1,1,9,3,2,1,70
1803,1,6,2,1,1,1,9,3,2,2,67
1804,1,6,1,1,1,1,9,3,3,2,11
1805,2,1,2,4,2,1,9,1,3,2,33
1806,1,6,2,1,1,1,9,3,2,2,22
1807,2,1,2,4,1,2,9,2,3,2,45
1808,2,1,2,4,1,2,9,1,3,2,61
1809,2,1,2,4,1,2,9,2,3,2,38
1810,2,1,2,4,1,2,9,2,3,1,12
1811,1,6,2,4,1,1,9,3,3,1,17
1812,1,6,1,4,1,1,9,3,3,2,21
1813,1,6,1,4,1,1,9,3,3,2,49
1814,2,6,2,4,1,1,1,1,3,1,27
1815,1,6,2,4,2,1,8,3,2,2,34
1816,2,3,1,1,1,2,9,1,3,2,49
1817,2,3,1,1,1,1,11,2,3,2,73
1818,2,3,1,1,1,1,11,2,3,2,18
1819,2,3,1,1,1,2,5,1,3,1,29
1820,2,3,1,1,1,2,9,1,3,1,32
1821,2,6,1,1,1,2,9,1,3,2,51
1822,2,1,1,1,1,2,9,2,3,1,21
1823,2,1,1,1,1,2,9,1,3,2,21
1824,1,4,2,1,4,1,9,3,3,1,15
1825,3,1,1,1,1,3,9,1,3,1,32
1826,1,6,2,4,5,1,9,3,3,1,23
1827,1,6,2,4,5,1,9,3,3,1,27
1828,1,6,2,4,5,1,9,3,2,2,81
1829,2,3,1,4,1,2,1,1,3,1,41
1830,2,1,2,4,1,1,9,1,3,1,26
1831,1,6,2,4,1,1,5,3,2,2,29
1832,1,6,1,1,1,1,9,3,3,2,12
1833,2,6,2,4,1,2,9,1,3,1,38
1834,2,6,2,4,1,2,9,2,2,2,38
1835,2,3,2,4,1,2,3,1,2,1,34
1836,3,1,2,4,2,1,9,1,2,1,73
1837,1,6,2,4,2,1,9,3,2,1,73
1838,2,1,2,4,2,2,9,1,3,2,40
1839,1,3,1,4,1,1,8,3,3,1,65
1840,2,6,1,1,1,2,9,1,3,1,62
1841,2,3,1,1,1,2,9,2,3,1,38
1842,2,3,2,1,1,1,19,1,2,1,59
1843,2,3,2,1,1,2,9,1,2,1,86
1844,1,6,1,1,1,1,9,3,3,1,33
1845,4,3,2,1,2,1,9,1,2,2,41
1846,4,3,2,1,2,2,9,1,2,2,30
1847,4,3,2,1,2,3,9,1,3,1,69
1848,4,3,2,1,2,4,9,1,3,2,44
1849,3,3,2,4,3,2,8,1,3,1,29
1850,3,6,2,1,4,2,16,1,2,2,66
1851,3,6,2,1,4,3,16,1,3,2,59
1852,2,6,2,1,1,2,1,1,2,1,51
1853,2,4,2,4,1,2,9,1,3,1,34
1854,1,3,2,6,1,1,9,1,3,1,21
1855,2,6,2,1,8,2,9,1,3,1,39
1856,1,3,1,4,1,1,9,3,2,2,17
1857,2,3,2,1,1,2,9,1,3,1,57
1858,3,1,2,1,1,3,19,1,3,2,25
1859,2,6,2,1,1,2,9,1,3,2,71
1860,2,1,2,1,1,1,9,1,3,1,67
1861,2,4,2,4,2,1,9,1,3,1,50
1862,3,1,2,4,1,2,9,1,3,1,50
1863,2,6,4,1,1,1,9,1,3,2,22
1864,2,6,4,1,1,1,9,2,3,2,2
1865,2,3,2,1,1,2,1,1,3,1,39
1866,2,6,2,4,2,2,1,1,3,1,51
1867,2,1,2,4,2,2,9,1,2,1,34
1868,1,6,2,4,2,1,9,3,2,1,51
1869,1,3,2,4,1,1,9,3,3,2,54
1870,3,3,2,1,2,1,9,1,3,1,43
1871,2,4,1,1,1,2,11,1,3,1,69
1872,2,1,2,4,1,2,9,1,3,1,59
1873,1,3,2,4,1,1,9,3,2,1,43
1874,2,6,1,4,1,2,1,1,3,1,31
1875,2,1,1,1,1,2,19,1,3,1,37
1876,1,6,2,1,1,1,9,3,1,1,66
1877,2,6,1,1,1,2,9,2,3,2,27
1878,2,6,1,1,1,2,9,2,3,1,63
1879,2,6,1,1,1,2,9,1,3,2,36
1880,1,6,1,1,1,1,19,3,3,1,49
1881,3,4,2,4,2,1,9,1,3,2,30
1882,1,3,2,4,2,1,9,2,3,1,20
1883,2,3,1,4,1,2,9,1,3,1,25
1884,2,6,1,1,1,2,9,1,3,1,63
1885,1,1,2,1,1,1,9,1,3,2,23
1886,4,3,2,4,1,2,9,1,2,1,19
1887,4,3,2,4,1,2,9,2,2,1,19
1888,4,3,2,4,1,4,9,1,2,1,43
1889,4,3,2,4,1,4,9,2,2,2,43
1890,4,3,2,4,1,4,9,2,2,2,9
1891,1,6,1,7,1,1,8,2,3,1,32
1892,2,3,2,1,2,2,9,3,3,1,63
1893,2,6,1,4,1,1,9,1,3,1,31
1894,2,3,2,4,1,2,9,1,3,2,29
1895,2,6,1,1,1,1,9,1,3,1,61
1896,2,3,2,4,1,1,9,2,3,2,90
1897,2,6,2,7,1,1,9,1,3,1,24
1898,1,3,1,6,1,1,9,3,3,1,23
1899,2,1,1,4,1,2,9,2,3,2,28
1900,2,6,1,4,1,1,9,2,3,2,37
1901,1,6,1,4,1,1,9,3,2,1,21
1902,1,1,2,4,4,1,9,1,3,1,27
1903,1,3,4,1,1,1,5,1,2,1,36
1904,2,3,1,1,1,2,1,1,2,1,59
1905,3,3,1,4,1,2,9,1,3,1,41
1906,3,3,1,4,1,2,9,2,3,1,26
